,1,2,3,4,5,6,7,8,9,10,11,12,13
1,Andrew,Yes,-3.639,0.418,-0.67,1.779,-0.168,1.627,-0.388,0.529,-0.874,-0.814,positive
2,Andrew,Yes,-3.327,0.496,-0.694,1.365,-0.265,1.933,-0.363,0.51,-0.621,-0.488,negative
3,Andrew,Yes,-2.12,0.894,-1.576,0.147,-0.707,1.559,-0.579,0.676,-0.809,-0.049,negative
4,Andrew,Yes,-2.287,1.809,-1.498,1.012,-1.053,1.06,-0.567,0.235,-0.091,-0.795,negative
5,Andrew,Yes,-2.598,1.938,-0.846,1.062,-1.633,0.764,0.394,-0.15,0.277,-0.396,negative
6,Andrew,Yes,-2.852,1.914,-0.755,0.825,-1.588,0.855,0.217,-0.246,0.238,-0.365,negative
7,Andrew,Yes,-3.482,2.524,-0.433,1.048,-1.995,0.902,0.322,0.45,0.377,-0.366,negative
8,Andrew,Yes,-3.941,2.305,0.124,1.771,-1.815,0.593,-0.435,0.992,0.575,-0.301,negative
9,Andrew,Yes,-3.86,2.116,-0.939,0.688,-0.675,1.679,-0.512,0.928,-0.167,-0.434,negative
10,Andrew,Yes,-3.648,1.812,-1.378,1.578,0.065,1.577,-0.466,0.702,0.06,-0.836,negative
11,Andrew,Yes,-3.032,1.739,-1.141,0.737,-0.834,1.386,-0.575,0.679,-0.018,-0.823,negative
12,Andrew,Yes,-3.653,0.373,-0.6,1.705,-0.222,1.765,-0.353,0.537,-0.797,-0.813,positive
13,Andrew,Yes,-3.237,0.436,-0.86,1.363,-0.251,1.915,-0.395,0.751,-0.774,-0.327,negative
14,Andrew,Yes,-2.135,0.954,-1.632,0.121,-0.704,1.6,-0.628,0.713,-0.903,-0.027,negative
15,Andrew,Yes,-2.304,1.784,-1.506,0.981,-0.961,0.806,-0.294,-0.002,0.119,-0.76,negative
16,Andrew,Yes,-2.54,2.144,-1.024,0.933,-1.567,1.024,0.188,-0.047,0.309,-0.633,negative
17,Andrew,Yes,-2.826,2.003,-0.738,0.801,-1.669,0.939,0.245,-0.257,0.256,-0.458,negative
18,Andrew,Yes,-3.582,2.374,-0.358,1.162,-1.953,0.621,0.339,0.355,0.415,-0.259,negative
19,Andrew,Yes,-3.951,2.25,0.127,1.772,-1.906,0.567,-0.432,1.045,0.598,-0.293,negative
20,Andrew,Yes,-3.783,1.974,-1.2,0.606,-0.65,1.504,-0.134,0.528,0.392,-0.58,negative
21,Andrew,Yes,-3.673,1.811,-1.405,1.621,0.044,1.572,-0.453,0.745,-0.066,-0.733,negative
22,Andrew,Yes,-2.946,1.649,-1.167,0.788,-0.909,1.3,-0.562,0.902,-0.07,-0.842,negative
23,Andrew,Yes,-3.665,0.337,-0.641,1.791,-0.194,1.686,-0.359,0.57,-0.676,-0.841,positive
24,Andrew,Yes,-3.165,0.408,-0.971,1.207,-0.298,1.921,-0.215,0.723,-0.492,-0.425,negative
25,Andrew,Yes,-2.105,1.035,-1.705,0.231,-0.558,1.554,-0.649,0.71,-0.855,-0.151,negative
26,Andrew,Yes,-2.312,1.746,-1.51,1.019,-0.99,0.941,-0.488,0.208,0.033,-0.847,negative
27,Andrew,Yes,-2.635,2.147,-1.129,0.911,-1.407,1.095,-0.071,0.118,0.139,-0.685,negative
28,Andrew,Yes,-2.887,2.131,-0.83,0.682,-1.557,0.818,0.448,-0.382,0.207,-0.402,negative
29,Andrew,Yes,-3.635,2.25,-0.394,1.012,-1.693,0.117,0.665,0.281,0.343,-0.003,negative
30,Andrew,Yes,-3.986,2.325,0.102,1.633,-2.014,0.576,-0.344,1.003,0.566,-0.245,negative
31,Andrew,Yes,-3.712,1.816,-1.171,0.647,-0.767,1.698,-0.347,0.92,0.159,-0.359,negative
32,Andrew,Yes,-3.74,1.832,-1.384,1.587,0.049,1.642,-0.516,0.707,-0.169,-0.522,negative
33,Andrew,Yes,-2.859,1.627,-1.14,0.769,-0.948,1.39,-0.608,0.956,-0.204,-0.727,negative
34,Andrew,Yes,-3.624,0.305,-0.708,1.758,-0.194,1.675,-0.273,0.561,-0.577,-0.843,positive
35,Andrew,Yes,-3.062,0.351,-1.071,1.061,-0.355,1.99,-0.21,0.796,-0.358,-0.299,negative
36,Andrew,Yes,-2.081,1.05,-1.778,0.411,-0.518,1.46,-0.576,0.735,-0.866,-0.172,negative
37,Andrew,Yes,-2.289,1.845,-1.616,0.987,-0.876,1.044,-0.549,0.196,-0.07,-0.814,negative
38,Andrew,Yes,-2.724,2.067,-1.142,0.923,-1.157,1.17,-0.276,0.172,-0.008,-0.649,negative
39,Andrew,Yes,-3.015,2.232,-0.899,0.574,-1.331,0.546,0.61,-0.452,0.035,-0.156,negative
40,Andrew,Yes,-3.559,2.126,-0.445,1.053,-1.765,0.349,0.546,0.321,0.443,-0.118,negative
41,Andrew,Yes,-4.074,2.281,0.152,1.556,-1.613,-0.047,0.222,0.252,0.775,0.125,negative
42,Andrew,Yes,-3.618,1.576,-1.14,0.699,-0.741,1.633,-0.387,1.086,0.235,-0.388,negative
43,Andrew,Yes,-3.687,1.784,-1.593,1.603,0.123,1.424,-0.225,0.441,0.206,-0.714,negative
44,Andrew,Yes,-2.69,1.652,-1.261,0.674,-0.964,1.449,-0.593,1.005,-0.303,-0.541,negative
45,Andrew,Yes,-3.593,0.29,-0.782,1.707,-0.175,1.662,-0.137,0.493,-0.492,-0.926,positive
46,Andrew,Yes,-3.046,0.387,-1.165,0.94,-0.386,1.978,-0.186,0.811,-0.394,-0.198,negative
47,Andrew,Yes,-2.255,0.902,-1.723,0.454,-0.524,1.453,-0.614,0.761,-0.885,-0.118,negative
48,Andrew,Yes,-2.299,1.848,-1.695,1.065,-0.861,1.047,-0.607,0.313,-0.253,-0.759,negative
49,Andrew,Yes,-2.911,1.928,-1.131,0.899,-0.911,1.111,-0.208,-0.047,-0.029,-0.539,negative
50,Andrew,Yes,-3.089,2.339,-0.973,0.463,-1.169,0.543,0.598,-0.45,-0.08,-0.039,negative
51,Andrew,Yes,-3.459,2.086,-0.595,0.937,-1.841,0.6,0.457,0.4,0.473,-0.211,negative
52,Andrew,Yes,-4.208,2.447,0.049,1.331,-2.088,0.585,-0.05,0.82,0.606,-0.302,negative
53,Andrew,Yes,-3.543,1.391,-1.22,0.699,-0.769,1.579,-0.379,1.158,0.181,-0.178,negative
54,Andrew,Yes,-3.684,1.774,-1.728,1.611,0.1,1.393,-0.193,0.554,0.245,-0.919,negative
55,Andrew,Yes,-2.596,1.56,-1.249,0.656,-1.095,1.292,-0.55,1.006,-0.15,-0.553,negative
56,Andrew,Yes,-3.604,0.235,-0.836,1.786,-0.153,1.642,-0.096,0.488,-0.524,-1.003,positive
57,Andrew,Yes,-3.171,0.49,-1.128,0.911,-0.388,2.014,-0.212,0.707,-0.551,-0.187,negative
58,Andrew,Yes,-2.302,0.85,-1.646,0.455,-0.488,1.491,-0.617,0.819,-0.887,-0.08,negative
59,Andrew,Yes,-2.368,1.727,-1.556,1.162,-0.819,0.941,-0.572,0.345,-0.279,-0.736,negative
60,Andrew,Yes,-3.141,1.873,-1.131,0.941,-0.759,1.224,-0.354,0.016,-0.218,-0.568,negative
61,Andrew,Yes,-3.065,2.372,-1.002,0.496,-1.295,0.86,0.327,-0.404,0.067,-0.155,negative
62,Andrew,Yes,-3.473,2.178,-0.82,0.706,-1.71,0.779,0.422,0.351,0.426,-0.267,negative
63,Andrew,Yes,-4.238,2.437,0.036,1.158,-2.127,0.554,0.12,0.823,0.565,-0.293,negative
64,Andrew,Yes,-3.546,1.258,-1.227,0.823,-0.702,1.734,-0.397,1.333,-0.277,0.013,negative
65,Andrew,Yes,-3.869,1.86,-1.646,1.612,0.044,1.531,-0.493,0.862,-0.106,-1.001,negative
66,Andrew,Yes,-2.666,1.516,-1.198,0.741,-1.066,1.24,-0.574,0.965,-0.13,-0.711,negative
67,Bill,Yes,-4.102,0.209,0.414,0.423,0.985,1.434,0.663,0.036,-0.784,-0.668,positive
68,Bill,Yes,-1.372,-0.03,-1.003,-0.388,-0.471,1.141,0.654,0.823,0.558,0.043,negative
69,Bill,Yes,-1.816,0.458,-0.947,-0.341,0.085,0.75,0.144,0.462,-0.24,-0.266,negative
70,Bill,Yes,-1.954,1.595,-1.593,0.37,-0.136,0.022,0.034,0.321,-0.19,-0.491,negative
71,Bill,Yes,-2.654,2.39,-0.008,0.07,-1.063,0.304,-0.105,0.281,0.488,-0.382,negative
72,Bill,Yes,-2.321,1.303,0.32,-0.085,-0.278,0.001,-0.094,-0.283,0.852,0.022,negative
73,Bill,Yes,-3.141,3.314,-0.996,-0.394,-0.19,-0.312,0.137,0.631,0.547,-0.247,negative
74,Bill,Yes,-3.941,3.353,0.486,-0.506,-1.12,0.101,0.297,0.711,-0.078,0.648,negative
75,Bill,Yes,-4.161,2.937,0.157,0.336,-0.968,0.641,0.088,0.237,0.565,0.823,negative
76,Bill,Yes,-4.52,2.231,-0.088,0.513,-0.528,1.246,0.198,0.242,0.161,0.769,negative
77,Bill,Yes,-3.088,1.389,0.048,-0.216,-0.329,0.91,0.045,-0.075,0.101,-0.134,negative
78,Bill,Yes,-4.275,0.162,0.728,0.662,0.94,1.269,0.711,0.073,-0.827,-0.655,positive
79,Bill,Yes,-1.657,0.056,-1.044,-0.32,-0.316,1.321,0.638,0.8,0.298,-0.159,negative
80,Bill,Yes,-1.709,0.486,-0.953,-0.346,0.02,0.786,0.145,0.564,-0.229,-0.322,negative
81,Bill,Yes,-1.952,1.469,-1.375,0.105,-0.154,0.17,-0.047,0.336,-0.098,-0.41,negative
82,Bill,Yes,-2.67,2.696,-0.231,-0.028,-1.014,0.486,-0.137,0.448,0.285,-0.482,negative
83,Bill,Yes,-2.441,1.415,0.386,-0.335,-0.187,-0.079,0,-0.175,0.792,-0.026,negative
84,Bill,Yes,-3.146,3.076,-0.683,-0.032,-0.693,-0.06,-0.267,0.476,0.982,-0.352,negative
85,Bill,Yes,-3.902,3.586,0.334,-0.669,-1.087,0.255,0.461,0.812,-0.185,0.535,negative
86,Bill,Yes,-4.267,3.01,0.172,0.028,-0.827,0.532,0.099,0.326,0.34,0.696,negative
87,Bill,Yes,-4.65,2.455,0.013,0.681,-0.8,1.434,0.126,0.036,0.382,0.278,negative
88,Bill,Yes,-3.03,1.185,0.314,-0.121,-0.591,0.965,0.353,-0.137,-0.221,0.075,negative
89,Bill,Yes,-4.473,0.373,0.858,0.919,0.778,1.272,0.653,-0.216,-0.891,-0.627,positive
90,Bill,Yes,-1.856,0.063,-1.011,-0.238,-0.152,1.461,0.572,0.775,0.154,-0.31,negative
91,Bill,Yes,-1.976,0.389,-0.947,-0.25,-0.065,0.949,0.127,0.478,-0.323,-0.345,negative
92,Bill,Yes,-1.914,1.473,-1.342,-0.013,-0.213,0.253,0.005,0.229,-0.009,-0.445,negative
93,Bill,Yes,-2.7,2.83,-0.389,0.032,-0.958,0.44,-0.168,0.519,0.169,-0.525,negative
94,Bill,Yes,-2.554,1.117,0.42,-0.022,-0.645,0.02,0.145,-0.327,0.66,0.073,negative
95,Bill,Yes,-3.054,3.104,-0.513,-0.085,-0.952,0.299,-0.269,0.459,0.892,-0.308,negative
96,Bill,Yes,-3.84,3.745,0.121,-0.656,-1.066,0.329,0.734,0.875,-0.295,0.418,negative
97,Bill,Yes,-4.323,2.853,0.385,0.209,-1.096,0.431,0.119,0.268,0.131,0.654,negative
98,Bill,Yes,-4.676,2.537,0.075,0.73,-0.933,1.493,0.049,0.076,0.254,0.276,negative
99,Bill,Yes,-2.922,1.516,-0.002,-0.353,-0.464,1.184,0.383,-0.175,-0.346,-0.033,negative
100,Bill,Yes,-4.477,0.246,1.087,1.108,0.682,1.057,0.424,-0.264,-1.195,-0.52,positive
101,Bill,Yes,-1.895,-0.012,-0.97,-0.152,-0.161,1.509,0.487,0.809,0.044,-0.264,negative
102,Bill,Yes,-1.945,0.352,-1.053,-0.228,-0.12,0.927,0.088,0.509,-0.279,-0.246,negative
103,Bill,Yes,-1.912,1.554,-1.455,-0.017,-0.118,0.27,-0.037,0.163,-0.027,-0.474,negative
104,Bill,Yes,-2.724,2.998,-0.56,-0.077,-0.944,0.548,-0.08,0.4,0.144,-0.63,negative
105,Bill,Yes,-2.385,1.241,0.272,-0.04,-0.692,0.16,-0.061,-0.189,0.744,0.088,negative
106,Bill,Yes,-3.092,3.014,-0.307,-0.016,-0.956,0.195,-0.227,0.367,0.958,-0.092,negative
107,Bill,Yes,-3.917,3.496,0.409,-0.531,-1.15,0.017,0.605,0.977,-0.328,0.447,negative
108,Bill,Yes,-4.232,3.035,0.428,0.497,-1.374,0.549,0.133,0.232,0.129,0.487,negative
109,Bill,Yes,-4.759,2.696,0.104,0.697,-0.787,1.114,0.205,-0.066,0.369,0.306,negative
110,Bill,Yes,-2.945,1.724,-0.312,-0.239,-0.447,1.36,0.014,-0.102,0.021,-0.564,negative
111,Bill,Yes,-4.314,-0.106,1.044,1.192,0.687,0.763,0.158,-0.193,-1.342,-0.447,positive
112,Bill,Yes,-2.05,0.065,-0.938,-0.037,0.082,1.561,0.393,0.835,-0.029,-0.394,negative
113,Bill,Yes,-1.804,0.431,-1,-0.427,-0.094,0.848,0.084,0.636,-0.275,-0.214,negative
114,Bill,Yes,-1.978,1.542,-1.487,-0.096,-0.025,0.32,-0.063,0.097,-0.073,-0.381,negative
115,Bill,Yes,-2.748,3.217,-0.976,-0.213,-0.792,0.771,-0.032,0.223,0.043,-0.825,negative
116,Bill,Yes,-2.351,1.53,0.086,-0.075,-0.426,0.125,-0.197,0.033,0.848,-0.038,negative
117,Bill,Yes,-3.105,2.916,-0.207,0.031,-0.897,0.021,-0.229,0.256,1.073,-0.065,negative
118,Bill,Yes,-3.985,3.614,0.584,-0.42,-1.105,-0.174,0.348,0.885,-0.165,0.65,negative
119,Bill,Yes,-4.16,3.329,0.275,0.394,-1.287,0.693,0.483,0.121,0.286,0.153,negative
120,Bill,Yes,-4.88,3.064,0.06,0.434,-0.575,0.897,0.25,0.085,0.093,0.445,negative
121,Bill,Yes,-3.082,1.633,-0.118,-0.147,-0.484,1.176,-0.086,-0.072,0.086,-0.564,negative
122,Bill,Yes,-4.158,-0.342,0.9,1.09,0.56,0.955,0.395,-0.328,-1.52,-0.498,positive
123,Bill,Yes,-2.441,0.191,-0.814,0.255,0.411,1.636,0.395,0.761,-0.005,-0.564,negative
124,Bill,Yes,-1.672,0.328,-0.833,-0.577,-0.363,0.84,0.18,0.682,-0.124,-0.109,negative
125,Bill,Yes,-2.051,1.508,-1.641,-0.058,-0.102,0.346,-0.021,0.109,-0.147,-0.298,negative
126,Bill,Yes,-2.788,3.194,-1.142,-0.313,-0.58,0.357,0.281,0.082,0.109,-0.858,negative
127,Bill,Yes,-2.489,1.773,-0.18,-0.152,-0.353,0.133,-0.186,0.207,0.788,-0.285,negative
128,Bill,Yes,-3.065,3.139,-0.461,-0.221,-0.759,-0.045,0.068,0.274,0.999,-0.331,negative
129,Bill,Yes,-3.963,3.938,0.466,-0.564,-1.042,-0.064,0.241,0.888,-0.032,0.798,negative
130,Bill,Yes,-4.136,3.582,-0.407,-0.038,-0.687,1.031,0.491,0.157,0.305,0.028,negative
131,Bill,Yes,-4.944,3.325,0.015,0.079,-0.593,1.047,0.337,0.296,-0.453,0.371,negative
132,Bill,Yes,-3.058,1.678,-0.351,-0.255,0.038,0.692,-0.173,0.226,0.202,-0.593,negative
133,David,Yes,-1.202,-0.253,-2.487,0.809,-0.367,2.169,0.32,1.034,-1.385,-0.706,positive
134,David,Yes,-1.077,0.511,-2.006,0.305,-0.584,1.962,0.089,1.406,-0.669,-0.027,negative
135,David,Yes,-1.768,0.786,-1.468,1.077,-0.347,1.704,-0.171,1.076,-0.691,-0.06,negative
136,David,Yes,-1.737,1.789,-1.046,1.071,-0.775,1.041,-0.025,0.925,-0.452,0.007,negative
137,David,Yes,-2.432,2.126,-0.218,1.422,-1.169,0.41,-0.393,1.326,-0.067,0.225,negative
138,David,Yes,-2.125,1.952,-0.415,1.458,-0.985,0.52,-0.344,1.249,-0.37,0.145,negative
139,David,Yes,-2.607,2.406,-0.088,1.586,-1.477,0.164,-0.527,1.551,0.033,0.522,negative
140,David,Yes,-3.813,3.705,-0.157,1.561,-1.503,-0.366,-0.581,1.412,0.29,-0.099,negative
141,David,Yes,-3.05,1.6,-0.686,1.543,-1.149,-0.043,0.297,0.727,0.598,0.458,negative
142,David,Yes,-3.972,2.279,-0.62,0.954,-1.09,0.719,0.717,0.3,1.309,0.171,negative
143,David,Yes,-2.979,1.795,-0.87,1.427,-0.93,1.323,-0.212,1.286,-0.135,-0.496,negative
144,David,Yes,-1.298,-0.295,-2.433,0.955,-0.278,2.252,0.285,0.915,-1.569,-0.562,positive
145,David,Yes,-1.012,0.516,-2.041,0.32,-0.634,1.969,0.041,1.414,-0.687,0.047,negative
146,David,Yes,-1.501,0.847,-1.619,0.92,-0.488,1.616,-0.161,1.127,-0.613,-0.051,negative
147,David,Yes,-1.674,1.711,-1.04,1.136,-0.869,1.036,-0.157,0.946,-0.361,0.02,negative
148,David,Yes,-2.308,2.023,-0.203,1.493,-1.223,0.379,-0.481,1.403,-0.045,0.402,negative
149,David,Yes,-2.155,2.027,-0.393,1.354,-1.045,0.646,-0.246,1.279,-0.396,0.177,negative
150,David,Yes,-2.652,2.156,-0.053,1.694,-1.258,0.062,-0.61,1.397,0.133,0.602,negative
151,David,Yes,-3.834,3.749,-0.183,1.518,-1.585,-0.281,-0.334,1.191,0.425,-0.104,negative
152,David,Yes,-3.33,1.529,-0.552,2.023,-0.845,0.016,0.049,0.512,0.396,0.386,negative
153,David,Yes,-4.17,2.232,-0.389,1.211,-1.011,0.57,0.543,0.218,1.206,0.044,negative
154,David,Yes,-2.867,1.391,-0.817,1.595,-0.883,1.143,-0.427,1.159,0.17,-0.456,negative
155,David,Yes,-1.393,-0.305,-2.29,1.1,-0.254,2.327,0.363,0.795,-1.521,-0.756,positive
156,David,Yes,-0.941,0.539,-2.02,0.314,-0.679,1.897,0.028,1.504,-0.632,0.111,negative
157,David,Yes,-1.332,0.848,-1.665,0.97,-0.463,1.522,-0.159,1.101,-0.541,-0.05,negative
158,David,Yes,-1.57,1.655,-1.04,1.16,-0.923,0.961,-0.231,0.955,-0.273,0.065,negative
159,David,Yes,-2.227,1.993,-0.156,1.554,-1.19,0.332,-0.548,1.362,-0.013,0.369,negative
160,David,Yes,-2.043,1.95,-0.435,1.341,-1.049,0.558,-0.237,1.237,-0.283,0.306,negative
161,David,Yes,-2.679,1.731,-0.09,2.003,-1.009,0.038,-0.822,1.232,0.128,0.72,negative
162,David,Yes,-3.836,3.699,-0.225,1.52,-1.729,-0.184,0.064,0.97,0.5,-0.13,negative
163,David,Yes,-3.478,1.703,-0.557,2.191,-1.043,0.339,-0.004,0.587,0.45,0.006,negative
164,David,Yes,-4.333,2.438,-0.219,1.372,-0.761,0.306,0.594,-0.022,1.103,0.19,negative
165,David,Yes,-2.704,1.285,-0.908,1.57,-0.84,1.044,-0.399,0.951,0.345,-0.695,negative
166,David,Yes,-1.417,-0.319,-2.254,1.072,-0.221,2.268,0.43,0.923,-1.486,-0.698,positive
167,David,Yes,-0.961,0.514,-1.951,0.364,-0.68,1.895,0.047,1.539,-0.63,0.094,negative
168,David,Yes,-1.22,0.831,-1.674,0.94,-0.425,1.463,-0.063,1.135,-0.422,0.06,negative
169,David,Yes,-1.501,1.611,-1.003,1.156,-0.883,0.901,-0.169,0.862,-0.151,0.164,negative
170,David,Yes,-2.176,1.952,-0.144,1.659,-1.128,0.28,-0.658,1.346,0.008,0.505,negative
171,David,Yes,-1.891,1.776,-0.518,1.461,-1.05,0.567,-0.307,1.152,-0.239,0.325,negative
172,David,Yes,-2.624,1.653,-0.156,2.023,-1.052,0.086,-0.752,1.341,0.196,0.71,negative
173,David,Yes,-3.763,3.252,-0.262,1.52,-1.684,-0.225,0.235,0.989,0.616,0.046,negative
174,David,Yes,-3.549,1.905,-0.509,1.963,-1.2,0.847,-0.157,0.842,0.625,-0.586,negative
175,David,Yes,-4.373,2.463,-0.171,1.501,-0.639,0.292,0.518,-0.114,1.127,0.332,negative
176,David,Yes,-2.562,1.361,-0.94,1.333,-1.047,1.208,-0.316,1.055,0.354,-0.77,negative
177,David,Yes,-1.384,-0.321,-2.266,0.937,-0.289,2.29,0.463,1.096,-1.436,-0.701,positive
178,David,Yes,-1.123,0.415,-1.954,0.563,-0.465,1.983,0.027,1.614,-0.568,0.007,negative
179,David,Yes,-1.28,0.798,-1.647,0.968,-0.418,1.609,-0.031,1.224,-0.374,0.044,negative
180,David,Yes,-1.475,1.557,-1.009,1.202,-0.846,0.883,-0.138,0.822,-0.165,0.198,negative
181,David,Yes,-2.205,1.804,-0.199,1.773,-1.089,0.312,-0.621,1.247,0.137,0.406,negative
182,David,Yes,-1.824,1.682,-0.669,1.483,-1.036,0.711,-0.249,1.193,-0.274,0.224,negative
183,David,Yes,-2.574,1.814,-0.167,1.826,-1.156,0.12,-0.609,1.543,0.11,0.75,negative
184,David,Yes,-3.693,3.067,-0.273,1.619,-1.905,0.045,0.006,1.347,0.346,0.36,negative
185,David,Yes,-3.545,1.926,-0.512,1.732,-1.109,1.006,0.021,0.82,0.731,-0.639,negative
186,David,Yes,-4.386,2.271,-0.157,1.536,-0.614,0.23,0.57,-0.117,1.074,0.397,negative
187,David,Yes,-2.53,1.492,-0.936,1.21,-1.154,1.316,-0.267,1.149,0.226,-0.77,negative
188,David,Yes,-1.215,-0.288,-2.423,0.834,-0.379,2.266,0.503,1.337,-1.36,-0.682,positive
189,David,Yes,-1.4,0.316,-1.894,0.83,-0.242,2.038,0.003,1.667,-0.515,-0.087,negative
190,David,Yes,-1.494,0.663,-1.58,1.191,-0.252,1.777,-0.072,1.189,-0.409,0.09,negative
191,David,Yes,-1.512,1.492,-1.053,1.262,-0.809,0.941,-0.122,0.807,-0.206,0.145,negative
192,David,Yes,-2.274,1.653,-0.226,1.857,-0.971,0.327,-0.605,1.121,0.121,0.291,negative
193,David,Yes,-1.804,1.556,-0.803,1.388,-0.989,0.751,-0.029,0.963,-0.228,0.297,negative
194,David,Yes,-2.447,1.914,-0.208,1.641,-1.159,0.104,-0.539,1.58,0.058,0.786,negative
195,David,Yes,-3.675,3.132,-0.241,1.587,-1.75,-0.222,0.039,1.052,0.545,0.233,negative
196,David,Yes,-3.425,1.724,-0.638,1.573,-1.041,1.204,-0.124,1.258,0.548,-0.507,negative
197,David,Yes,-4.376,2.216,-0.269,1.32,-0.66,0.159,0.719,0.008,1.058,0.472,negative
198,David,Yes,-2.52,1.52,-0.959,1.296,-1.103,1.149,-0.268,1.249,0.092,-0.682,negative
199,Mark,Yes,-1.548,-0.4,-1.659,0.244,-0.101,1.562,0.551,1.248,0.129,-0.456,positive
200,Mark,Yes,-1.614,0.287,-1.195,-0.252,-0.257,1.251,0.281,0.898,0.188,-0.423,negative
201,Mark,Yes,-1.891,0.988,-1.06,0.119,0.59,0.263,0.372,0.39,-0.376,-0.655,negative
202,Mark,Yes,-2.03,1.764,-0.386,-0.249,0.18,0.117,0.096,-0.121,0.067,-0.552,negative
203,Mark,Yes,-2.55,2.629,0.084,-0.159,-0.882,0.093,-0.19,0.961,0.032,-0.589,negative
204,Mark,Yes,-2.464,1.968,0.026,0.078,-0.542,0.074,0.051,0.596,0.26,-0.437,negative
205,Mark,Yes,-3.193,2.026,0.83,0.813,-1.205,0.036,-0.95,0.786,1.045,0.21,negative
206,Mark,Yes,-3.566,1.504,0.94,1.829,-1.224,0.178,-1.454,0.92,0.767,1.059,negative
207,Mark,Yes,-3.299,1.73,0.187,0.121,-1.251,0.796,-0.366,1.091,0.493,0.436,negative
208,Mark,Yes,-3.601,0.742,-0.238,0.332,-0.561,1.275,-0.014,0.844,0.558,0.659,negative
209,Mark,Yes,-2.439,0.789,0.082,0.242,-0.693,0.595,-0.353,0.702,0.413,0.098,negative
210,Mark,Yes,-1.507,-0.457,-1.728,0.256,-0.081,1.571,0.556,1.291,0.121,-0.456,positive
211,Mark,Yes,-1.425,0.256,-1.13,-0.284,-0.394,1.253,0.306,0.893,0.272,-0.378,negative
212,Mark,Yes,-1.814,0.923,-0.931,0.12,0.425,0.554,0.237,0.426,-0.184,-0.727,negative
213,Mark,Yes,-2.007,1.814,-0.581,-0.027,0.127,0.081,0.089,-0.016,0.115,-0.719,negative
214,Mark,Yes,-2.559,2.3,0.408,-0.001,-1.077,0.125,-0.254,0.975,0.07,-0.47,negative
215,Mark,Yes,-2.431,1.873,0.208,0.123,-0.634,0.178,0.04,0.612,0.446,-0.562,negative
216,Mark,Yes,-3.24,1.749,0.959,1.071,-1.188,0.018,-1.024,0.664,1.007,0.443,negative
217,Mark,Yes,-3.565,1.363,0.958,1.976,-1.268,0.091,-1.363,0.72,0.738,1.145,negative
218,Mark,Yes,-3.198,1.373,0.392,0.423,-1.203,0.656,-0.428,0.994,0.576,0.865,negative
219,Mark,Yes,-3.772,0.904,-0.195,0.317,-0.473,1.31,-0.043,0.898,0.536,0.503,negative
220,Mark,Yes,-2.434,0.87,0.127,0.224,-0.811,0.666,-0.233,0.705,0.408,0.136,negative
221,Mark,Yes,-1.656,-0.496,-1.719,0.363,-0.002,1.637,0.535,1.319,-0.012,-0.49,positive
222,Mark,Yes,-1.388,0.215,-1.105,-0.295,-0.39,1.282,0.356,0.816,0.292,-0.376,negative
223,Mark,Yes,-1.764,0.888,-1.001,0.197,0.3,0.66,0.159,0.557,-0.301,-0.65,negative
224,Mark,Yes,-2.026,1.75,-0.526,-0.131,0.266,-0.055,0.084,0.063,0.047,-0.691,negative
225,Mark,Yes,-2.531,1.802,0.739,0.236,-1.169,-0.069,-0.349,0.903,0.123,-0.119,negative
226,Mark,Yes,-2.375,1.642,0.308,0.255,-0.82,0.225,-0.092,0.874,0.367,-0.525,negative
227,Mark,Yes,-3.179,1.346,0.988,1.32,-0.852,-0.008,-1.234,0.347,1.02,0.771,negative
228,Mark,Yes,-3.57,1.366,0.97,1.957,-1.262,0.002,-1.275,0.585,0.754,0.993,negative
229,Mark,Yes,-3.169,1.041,0.509,0.693,-1.185,0.673,-0.352,0.877,0.434,1.009,negative
230,Mark,Yes,-4.066,1.05,-0.049,0.458,-0.357,1.331,-0.129,0.848,0.509,0.317,negative
231,Mark,Yes,-2.483,0.81,0.185,0.284,-0.917,0.73,-0.111,0.613,0.373,0.184,negative
232,Mark,Yes,-1.823,-0.578,-1.624,0.52,0.052,1.711,0.535,1.318,-0.115,-0.505,positive
233,Mark,Yes,-1.45,0.199,-1.127,-0.281,-0.372,1.287,0.369,0.855,0.303,-0.385,negative
234,Mark,Yes,-1.79,0.793,-1.041,0.214,0.215,0.694,0.121,0.583,-0.403,-0.487,negative
235,Mark,Yes,-2.089,1.695,-0.528,-0.232,0.385,-0.137,0.033,0.071,0.033,-0.744,negative
236,Mark,Yes,-2.475,1.498,0.864,0.397,-1.17,-0.234,-0.388,0.825,0.16,0.057,negative
237,Mark,Yes,-2.314,1.494,0.294,0.245,-0.769,0.05,-0.068,0.819,0.618,-0.572,negative
238,Mark,Yes,-3.062,1.008,0.935,1.443,-0.579,0.068,-1.333,0.106,0.958,0.979,negative
239,Mark,Yes,-3.576,1.357,0.912,1.878,-1.166,0.039,-1.537,0.658,0.843,1.087,negative
240,Mark,Yes,-3.155,1.021,0.455,0.624,-1.306,0.842,-0.123,0.909,0.328,0.876,negative
241,Mark,Yes,-4.316,1.147,0.088,0.593,-0.314,1.316,-0.255,0.761,0.492,0.133,negative
242,Mark,Yes,-2.608,0.839,0.203,0.305,-0.851,0.78,-0.143,0.607,0.344,0.106,negative
243,Mark,Yes,-1.953,-0.596,-1.543,0.619,0.056,1.742,0.592,1.289,-0.163,-0.523,positive
244,Mark,Yes,-1.495,0.117,-1.134,-0.249,-0.37,1.286,0.348,0.854,0.313,-0.376,negative
245,Mark,Yes,-1.921,0.719,-0.95,0.299,0.222,0.786,0.128,0.588,-0.462,-0.491,negative
246,Mark,Yes,-2.052,1.483,-0.488,0.041,-0.131,0.273,-0.112,-0.064,0.307,-0.8,negative
247,Mark,Yes,-2.507,1.528,0.852,0.331,-1.231,-0.259,-0.265,0.856,0.07,0.069,negative
248,Mark,Yes,-2.291,1.146,0.352,0.354,-0.714,0.08,-0.181,0.787,0.709,-0.409,negative
249,Mark,Yes,-2.933,0.717,0.829,1.508,-0.517,0.069,-1.163,0.021,0.866,1.066,negative
250,Mark,Yes,-3.53,1.268,0.903,1.887,-1.279,0.008,-1.441,0.657,0.873,1.042,negative
251,Mark,Yes,-3.145,0.863,0.416,0.699,-1.378,0.892,0.02,0.89,0.221,0.834,negative
252,Mark,Yes,-4.394,1.162,0.157,0.608,-0.409,1.352,-0.243,0.758,0.447,0.096,negative
253,Mark,Yes,-2.704,0.917,0.267,0.314,-0.756,0.818,-0.114,0.673,0.261,0.056,negative
254,Mark,Yes,-2.058,-0.61,-1.497,0.696,0.072,1.802,0.626,1.303,-0.192,-0.538,positive
255,Mark,Yes,-1.537,0.043,-1.125,-0.213,-0.378,1.265,0.33,0.87,0.293,-0.393,negative
256,Mark,Yes,-1.933,0.728,-1.015,0.27,0.199,0.78,0.192,0.706,-0.446,-0.595,negative
257,Mark,Yes,-2.076,1.413,-0.584,0.19,-0.35,0.518,-0.406,0.313,0.027,-0.724,negative
258,Mark,Yes,-2.554,1.532,0.812,0.367,-1.208,-0.352,-0.252,0.894,0.05,0.084,negative
259,Mark,Yes,-2.343,0.788,0.373,0.492,-0.667,0.279,-0.24,0.827,0.589,-0.267,negative
260,Mark,Yes,-2.834,0.654,0.733,1.434,-0.716,-0.028,-0.841,0.239,0.92,0.885,negative
261,Mark,Yes,-3.482,1.127,0.899,1.993,-1.385,-0.05,-1.273,0.647,0.844,1.044,negative
262,Mark,Yes,-3.246,0.712,0.39,0.82,-1.352,1.074,0.197,0.857,-0.056,0.485,negative
263,Mark,Yes,-4.521,1.43,0.162,0.58,-0.351,1.339,-0.259,0.81,0.431,-0.102,negative
264,Mark,Yes,-2.804,1.021,0.254,0.331,-0.654,0.854,-0.085,0.678,0.259,-0.031,negative
265,Jo,No,-3.034,-1.274,0.263,1.521,0.66,1.622,-0.361,-0.468,-0.74,0.517,positive
266,Jo,No,-3.118,0.356,0.377,1.447,0.868,0.407,-0.915,-0.546,-0.637,0.169,negative
267,Jo,No,-2.611,0.434,0.231,1.343,0.323,-0.378,-0.618,-0.219,-0.285,0.347,negative
268,Jo,No,-1.566,0.93,-0.181,-0.155,-0.164,-0.277,0.144,-0.047,-0.694,0.282,negative
269,Jo,No,-2.758,2.067,-0.31,-0.543,-0.687,0.091,0.881,0.172,-0.454,-0.093,negative
270,Jo,No,-2.497,1.607,-0.621,-0.446,-0.226,-0.152,1.16,0.122,-0.809,0.495,negative
271,Jo,No,-3.533,2.319,1.085,0.247,-1.053,-0.429,-0.026,1.305,-0.243,-0.671,negative
272,Jo,No,-3.893,3.69,0.079,-0.151,-1.093,-0.518,0.198,1.583,-0.257,-0.169,negative
273,Jo,No,-4.079,2.663,-0.048,-0.315,0.234,0.861,0.335,0.435,-0.546,-0.928,negative
274,Jo,No,-4.16,2.814,0.557,0.604,0.584,0.477,-0.272,0.784,-0.999,-0.781,negative
275,Jo,No,-2.91,0.918,-0.138,-0.382,0.115,0.29,0.418,0.757,-0.898,-0.189,negative
276,Jo,No,-3.162,-1.137,0.3,1.44,0.688,1.645,-0.447,-0.518,-0.52,0.641,positive
277,Jo,No,-3.224,0.487,0.822,1.324,0.753,0.352,-0.976,-0.562,-0.489,0.172,negative
278,Jo,No,-2.681,0.531,0.252,1.239,0.469,-0.339,-0.652,-0.417,-0.246,0.412,negative
279,Jo,No,-1.577,0.907,-0.291,0.007,-0.256,-0.233,0.187,-0.052,-0.627,0.238,negative
280,Jo,No,-2.861,2.091,-0.411,-0.438,-0.643,0.317,0.817,0.104,-0.481,-0.252,negative
281,Jo,No,-2.445,1.503,-0.677,-0.46,-0.14,-0.002,1.014,0.061,-0.599,0.175,negative
282,Jo,No,-3.406,2.403,1.025,0.108,-1.1,-0.316,0.099,1.541,-0.304,-0.671,negative
283,Jo,No,-3.958,3.922,0.15,-0.265,-1.201,-0.249,0.202,1.163,-0.049,-0.039,negative
284,Jo,No,-4.071,2.754,-0.232,-0.262,0.356,0.694,0.381,0.5,-0.721,-0.859,negative
285,Jo,No,-4.188,2.637,0.502,0.552,0.735,0.395,-0.026,0.803,-0.874,-0.913,negative
286,Jo,No,-2.923,0.919,-0.231,-0.307,0.075,0.265,0.403,0.691,-1.012,-0.157,negative
287,Jo,No,-3.39,-0.956,0.476,1.547,0.658,1.504,-0.65,-0.604,-0.295,0.616,positive
288,Jo,No,-3.128,0.28,0.955,1.264,0.753,0.437,-0.841,-0.517,-0.473,0,negative
289,Jo,No,-2.689,0.528,0.157,1.501,0.349,-0.412,-0.49,-0.512,-0.277,0.422,negative
290,Jo,No,-1.693,0.807,-0.038,-0.051,-0.174,-0.372,0.117,0.053,-0.611,0.3,negative
291,Jo,No,-2.927,2.202,-0.532,-0.486,-0.519,0.585,0.813,-0.133,-0.475,-0.349,negative
292,Jo,No,-2.555,1.421,-0.8,-0.233,-0.078,0.244,0.771,-0.112,-0.707,0.165,negative
293,Jo,No,-3.439,2.711,1.067,0.029,-1.12,-0.212,0.062,1.44,-0.353,-0.42,negative
294,Jo,No,-4.067,3.908,-0.065,-0.378,-1.163,0.065,0.508,1.003,0.03,-0.187,negative
295,Jo,No,-4.068,2.566,-0.068,-0.152,0.126,0.548,0.453,0.577,-0.543,-0.896,negative
296,Jo,No,-4.314,2.322,0.58,0.279,0.702,0.532,-0.068,0.814,-0.917,-1.109,negative
297,Jo,No,-3.02,1.033,-0.238,-0.286,0.088,0.235,0.372,0.563,-1.027,-0.151,negative
298,Jo,No,-3.485,-0.86,0.582,1.501,0.578,1.48,-0.663,-0.602,-0.318,0.575,positive
299,Jo,No,-3.049,0.084,0.981,1.193,0.761,0.495,-0.714,-0.466,-0.568,-0.149,negative
300,Jo,No,-2.837,0.528,0.241,1.629,0.23,-0.545,-0.643,-0.231,-0.186,0.45,negative
301,Jo,No,-1.611,0.831,-0.056,-0.048,-0.044,-0.423,0.289,-0.092,-0.633,0.221,negative
302,Jo,No,-2.939,2.157,-0.451,-0.209,-0.88,0.697,0.823,-0.035,-0.744,-0.193,negative
303,Jo,No,-2.842,1.343,-0.713,0.003,0.126,0.411,0.538,-0.077,-0.995,0.092,negative
304,Jo,No,-3.587,3.128,0.885,-0.188,-1.164,-0.215,0.051,1.344,-0.641,-0.253,negative
305,Jo,No,-4.222,3.886,0.016,-0.144,-1.132,-0.053,0.519,1.024,0.075,-0.226,negative
306,Jo,No,-4.087,2.555,0.123,-0.151,0.118,0.474,0.365,0.495,-0.473,-0.886,negative
307,Jo,No,-4.442,2.607,0.596,0.191,0.636,0.679,-0.14,0.774,-0.828,-1.122,negative
308,Jo,No,-2.976,1.033,-0.222,-0.099,0.081,0.052,0.479,0.517,-1.105,-0.125,negative
309,Jo,No,-3.689,-0.599,0.692,1.307,0.605,1.514,-0.752,-0.697,-0.355,0.702,positive
310,Jo,No,-3.278,0.324,1.047,1.152,0.725,0.168,-0.839,-0.381,-0.687,0.013,negative
311,Jo,No,-3.249,1.042,0.589,1.408,0.023,-0.821,-0.581,0.031,0.068,0.325,negative
312,Jo,No,-1.596,0.885,-0.199,0.199,-0.115,-0.474,0.428,-0.113,-0.61,0.131,negative
313,Jo,No,-2.986,2.072,-0.311,-0.083,-0.878,0.449,0.916,0.082,-0.905,-0.109,negative
314,Jo,No,-3.003,1.163,-0.45,0.328,0.097,0.574,0.427,-0.017,-1.146,-0.06,negative
315,Jo,No,-3.682,3.672,0.041,-0.508,-0.905,0.028,0.492,0.654,-0.722,-0.318,negative
316,Jo,No,-4.21,3.869,0.164,-0.047,-1.251,-0.102,0.276,0.919,0.091,-0.159,negative
317,Jo,No,-4.129,2.686,0.308,-0.125,0.117,0.393,0.199,0.308,-0.478,-0.909,negative
318,Jo,No,-4.497,3.018,0.609,0.115,0.673,0.709,-0.03,0.861,-0.704,-1.038,negative
319,Jo,No,-2.846,1.01,-0.219,-0.083,0.091,0.076,0.442,0.509,-1.181,-0.021,negative
320,Jo,No,-3.693,-0.568,0.727,1.236,0.612,1.502,-0.804,-0.763,-0.346,0.788,positive
321,Jo,No,-3.543,0.624,0.674,1.413,0.653,-0.445,-0.803,-0.256,-0.65,0.423,negative
322,Jo,No,-3.293,0.93,0.522,1.48,0.249,-0.661,-0.643,-0.094,-0.132,0.198,negative
323,Jo,No,-1.708,0.944,-0.14,0.151,-0.092,-0.481,0.22,0.034,-0.692,0.19,negative
324,Jo,No,-2.942,2.091,-0.353,-0.364,-0.61,0.401,0.864,0.191,-0.764,-0.235,negative
325,Jo,No,-3.253,1.025,-0.286,0.713,-0.036,0.539,0.476,-0.116,-0.945,-0.108,negative
326,Jo,No,-3.661,3.266,-0.117,-0.237,-0.755,0.092,0.686,0.381,-0.58,-0.687,negative
327,Jo,No,-4.216,3.638,0.192,-0.023,-1.231,-0.32,0.128,1.03,0.061,-0.179,negative
328,Jo,No,-4.077,2.542,0.039,0.082,0.218,0.393,0.324,0.399,-0.658,-0.964,negative
329,Jo,No,-4.544,3.046,1.028,-0.016,0.447,0.884,-0.094,0.885,-0.459,-1.099,negative
330,Jo,No,-2.711,0.971,-0.023,0.053,0.101,-0.148,0.382,0.476,-1.05,-0.256,negative
331,Kate,No,-3.322,-0.303,-0.5,0.963,0.921,0.981,1.059,-1.079,-1.004,0.112,positive
332,Kate,No,-3.844,1.056,-0.19,1.685,0.617,1.245,-0.811,-0.506,-1.128,0.076,negative
333,Kate,No,-2.665,0.772,-1.009,1.307,0.287,0.855,-0.466,-0.19,-0.721,0.407,negative
334,Kate,No,-2.493,1.382,-0.929,0.465,-0.369,0.002,0.187,-0.696,-0.31,0.348,negative
335,Kate,No,-2.905,2.311,-0.658,0.022,-1.121,0.25,0.467,0.484,-0.157,-0.676,negative
336,Kate,No,-2.685,1.971,-0.857,0.033,-0.638,0.484,0.143,0.159,-0.218,-0.343,negative
337,Kate,No,-3.389,2.762,-0.71,-0.026,-0.641,0.112,0.775,0.443,-0.11,-0.979,negative
338,Kate,No,-4.243,3.354,-0.415,0.898,-1.027,-0.281,0.576,0.48,0.564,-0.085,negative
339,Kate,No,-3.741,2.7,-1.593,0.782,-0.298,1.378,0.184,1.458,-0.134,-1.297,negative
340,Kate,No,-4.694,3.229,-1.153,0.702,0.452,0.298,0.454,0.001,-0.264,-1.399,negative
341,Kate,No,-3.012,1.628,-0.834,0.975,-0.299,0.926,0.174,0.836,-0.239,-1.144,negative
342,Kate,No,-3.268,-0.079,-0.693,0.763,1.043,1.194,0.892,-1.293,-1.033,0.199,positive
343,Kate,No,-3.618,0.916,-0.4,1.771,0.666,1.535,-0.389,-0.342,-1.279,-0.109,negative
344,Kate,No,-2.693,0.771,-0.87,1.341,0.317,0.925,-0.328,-0.169,-0.936,0.399,negative
345,Kate,No,-2.515,1.34,-0.84,0.511,-0.492,0.098,0.047,-0.68,-0.283,0.168,negative
346,Kate,No,-2.882,2.165,-0.589,0.173,-1.165,0.014,0.571,0.502,-0.093,-0.616,negative
347,Kate,No,-2.591,1.809,-0.659,-0.016,-0.673,0.588,0.084,0.182,-0.094,-0.372,negative
348,Kate,No,-3.354,2.85,-0.887,0.01,-0.551,0.293,0.901,0.32,-0.302,-1.023,negative
349,Kate,No,-4.228,3.111,-0.38,1.16,-1.188,-0.362,0.516,0.507,0.669,-0.074,negative
350,Kate,No,-3.901,2.485,-0.95,0.702,-0.47,1.146,-0.109,1.597,0.146,-1.197,negative
351,Kate,No,-4.708,3.269,-1.121,0.701,0.437,0.176,0.552,0.004,-0.168,-1.484,negative
352,Kate,No,-3,1.524,-0.866,1.015,-0.4,0.861,0.174,0.938,-0.216,-1.01,negative
353,Kate,No,-3.347,-0.159,-0.414,0.922,0.973,0.978,0.929,-1.211,-1.268,0.278,positive
354,Kate,No,-3.518,0.716,-0.365,1.788,0.584,1.678,-0.109,-0.016,-1.501,0.002,negative
355,Kate,No,-2.875,0.868,-0.728,1.439,0.355,0.846,-0.378,-0.233,-1.072,0.505,negative
356,Kate,No,-2.612,1.403,-0.87,0.47,-0.448,0.172,-0.06,-0.656,-0.334,0.087,negative
357,Kate,No,-2.859,2.255,-0.676,0.098,-1.086,0.041,0.732,0.305,-0.141,-0.636,negative
358,Kate,No,-2.497,1.692,-0.607,0.02,-0.71,0.612,0.093,0.272,-0.06,-0.507,negative
359,Kate,No,-3.236,2.745,-0.806,-0.2,-0.386,0.358,0.889,0.516,-0.297,-1.075,negative
360,Kate,No,-4.188,3.229,-0.456,1.077,-1.385,-0.104,0.459,0.558,0.701,-0.32,negative
361,Kate,No,-3.775,2.188,-1.017,0.687,-0.464,1.189,-0.157,1.673,-0.024,-1.144,negative
362,Kate,No,-4.744,3.385,-0.886,0.571,0.235,0.183,0.357,0.04,0.203,-1.68,negative
363,Kate,No,-3.046,1.462,-0.823,0.935,-0.44,0.849,0.085,0.865,-0.178,-0.954,negative
364,Kate,No,-3.594,-0.137,-0.028,1.018,1.069,0.723,0.695,-0.982,-1.433,0.249,positive
365,Kate,No,-3.426,0.584,-0.469,1.776,0.566,1.686,0.07,0.081,-1.483,-0.141,negative
366,Kate,No,-3.086,1.01,-0.627,1.508,0.338,0.747,-0.479,-0.323,-1.087,0.645,negative
367,Kate,No,-2.75,1.475,-0.848,0.364,-0.275,0.02,-0.003,-0.782,-0.291,0.167,negative
368,Kate,No,-2.846,2.43,-0.78,-0.153,-0.905,0.24,0.746,0.14,-0.114,-0.746,negative
369,Kate,No,-2.511,1.511,-0.555,0.226,-0.735,0.631,-0.006,0.52,-0.138,-0.651,negative
370,Kate,No,-3.124,2.733,-0.857,-0.334,-0.312,0.587,0.849,0.475,-0.174,-0.899,negative
371,Kate,No,-4.175,3.32,-0.446,0.988,-1.48,0.133,0.507,0.605,0.691,-0.462,negative
372,Kate,No,-3.777,2.064,-0.983,0.846,-0.373,0.96,-0.04,1.331,0.247,-1.09,negative
373,Kate,No,-4.788,3.632,-0.71,0.3,0.366,-0.121,0.403,-0.016,0.124,-1.32,negative
374,Kate,No,-3.006,1.407,-0.875,0.945,-0.495,0.721,0.212,0.75,-0.037,-1.054,negative
375,Kate,No,-3.781,-0.011,0.102,1.115,1.036,0.651,0.615,-1.082,-1.272,0.05,positive
376,Kate,No,-3.394,0.557,-0.573,1.704,0.608,1.644,0.109,0.2,-1.507,-0.225,negative
377,Kate,No,-3.091,0.935,-0.574,1.36,0.416,0.764,-0.48,-0.144,-1.295,0.696,negative
378,Kate,No,-2.85,1.446,-0.792,0.482,-0.365,0.046,-0.029,-0.761,-0.251,0.113,negative
379,Kate,No,-2.884,2.424,-0.764,-0.108,-1.015,0.361,0.712,0.133,-0.017,-0.847,negative
380,Kate,No,-2.656,1.263,-0.527,0.464,-0.612,0.668,-0.16,0.857,-0.416,-0.596,negative
381,Kate,No,-3.246,2.796,-0.867,-0.205,-0.316,0.808,0.824,0.062,-0.118,-0.749,negative
382,Kate,No,-4.172,3.188,-0.375,1.028,-1.41,0.008,0.513,0.635,0.802,-0.28,negative
383,Kate,No,-3.862,1.801,-0.717,1.133,-0.23,0.922,-0.223,1.264,0.194,-0.935,negative
384,Kate,No,-4.836,3.871,-0.684,0.182,0.349,-0.176,0.317,0.059,-0.024,-1.13,negative
385,Kate,No,-2.973,1.304,-0.849,0.984,-0.508,0.59,0.248,0.728,0.073,-1.107,negative
386,Kate,No,-3.858,0.115,0.05,1.17,0.975,0.703,0.585,-1.191,-1.172,-0.076,positive
387,Kate,No,-3.404,0.506,-0.591,1.627,0.66,1.456,0.068,0.381,-1.494,-0.453,negative
388,Kate,No,-2.952,0.777,-0.74,1.311,0.424,0.853,-0.319,-0.082,-1.456,0.616,negative
389,Kate,No,-3.005,1.472,-0.716,0.535,-0.392,0.054,-0.054,-0.686,-0.29,0.153,negative
390,Kate,No,-2.898,2.421,-0.81,-0.043,-1.164,0.448,0.69,0.218,-0.078,-0.876,negative
391,Kate,No,-2.906,1.102,-0.491,0.575,-0.386,0.771,-0.134,0.977,-0.54,-0.604,negative
392,Kate,No,-3.462,2.648,-0.447,0,-0.416,0.767,0.569,-0.072,-0.08,-0.798,negative
393,Kate,No,-4.076,3.336,-0.688,0.677,-1.472,0.461,0.682,0.724,0.717,-0.409,negative
394,Kate,No,-3.846,1.426,-0.607,1.434,-0.072,1.13,-0.535,1.159,-0.123,-0.385,negative
395,Kate,No,-4.885,3.967,-0.948,0.373,0.255,-0.121,0.43,-0.013,0.018,-1.518,negative
396,Kate,No,-2.98,1.29,-0.842,0.955,-0.491,0.572,0.267,0.692,0.084,-1.1,negative
397,Penny,No,-3.208,-0.608,-0.516,1.098,1.529,1.069,0.186,-0.947,-0.248,-0.059,positive
398,Penny,No,-2.569,-0.11,-0.841,0.732,1.112,0.961,-0.075,0.148,-0.893,0.314,negative
399,Penny,No,-2.21,0.661,-0.581,1.139,0.238,0.074,-0.625,-0.366,-0.326,0.557,negative
400,Penny,No,-1.885,2.214,-0.673,0.147,-0.148,-0.4,0.252,-0.098,-0.874,0.245,negative
401,Penny,No,-2.488,2.822,-0.239,-0.33,-1.355,0.284,0.101,0.934,-0.966,-0.31,negative
402,Penny,No,-2.335,2.896,-0.295,-0.42,-0.645,0.351,0.12,0.447,-1.126,0.11,negative
403,Penny,No,-2.715,2.325,0.701,0.239,-1.426,-0.218,-0.317,1.516,-0.162,-0.703,negative
404,Penny,No,-4.21,3.289,-0.106,-1.247,-0.683,0.539,0.579,0.832,-0.035,-0.764,negative
405,Penny,No,-3.984,2.29,-0.103,-0.707,0.297,0.317,0.857,1.403,-1.253,-0.298,negative
406,Penny,No,-4.964,2.78,0.474,0.047,0.417,-0.328,0.334,0.474,-1.26,-0.221,negative
407,Penny,No,-2.528,1.288,-0.144,-0.171,-0.077,0.26,-0.045,0.681,-1.399,-0.066,negative
408,Penny,No,-3.431,-0.5,-0.362,1.173,1.59,0.956,0.162,-0.853,-0.364,0.084,positive
409,Penny,No,-2.659,-0.101,-0.687,0.697,1.081,1.045,-0.149,0.184,-0.927,0.327,negative
410,Penny,No,-2.103,0.655,-0.84,1.195,0.377,0.135,-0.504,-0.549,-0.404,0.602,negative
411,Penny,No,-1.926,2.172,-0.571,0.257,-0.159,-0.493,0.27,-0.153,-0.673,-0.005,negative
412,Penny,No,-2.512,2.826,-0.171,-0.385,-1.495,0.381,0.067,0.899,-0.902,-0.412,negative
413,Penny,No,-2.353,2.897,-0.433,-0.193,-0.715,0.359,0.26,0.273,-1.206,0.36,negative
414,Penny,No,-2.708,2.396,0.728,0.336,-1.437,-0.344,-0.411,1.469,-0.022,-0.717,negative
415,Penny,No,-4.341,3.514,-0.453,-1.047,-0.469,0.51,0.618,0.801,-0.399,-0.777,negative
416,Penny,No,-4.045,2.193,0.2,-0.745,0.215,0.387,0.625,1.477,-1.207,-0.27,negative
417,Penny,No,-5.02,2.551,0.562,-0.136,0.531,-0.064,0.373,0.631,-1.407,-0.267,negative
418,Penny,No,-2.665,1.633,-0.384,-0.111,-0.001,0.234,0.033,0.478,-1.558,0.219,negative
419,Penny,No,-3.586,-0.38,-0.359,1.307,1.587,0.99,0.18,-0.831,-0.471,0.198,positive
420,Penny,No,-2.889,-0.039,-0.494,0.719,1.104,1.003,-0.415,0.097,-0.855,0.356,negative
421,Penny,No,-2.282,0.673,-0.798,1.286,0.308,0.01,-0.411,-0.61,-0.266,0.584,negative
422,Penny,No,-1.985,2.161,-0.601,0.424,-0.295,-0.489,0.208,-0.216,-0.562,0.079,negative
423,Penny,No,-2.563,2.829,-0.283,-0.368,-1.593,0.408,0.121,0.933,-0.946,-0.356,negative
424,Penny,No,-2.415,2.517,-0.285,0.085,-0.902,0.283,0.302,0.247,-1.207,0.371,negative
425,Penny,No,-2.776,2.563,0.532,0.277,-1.47,-0.368,-0.278,1.479,-0.164,-0.797,negative
426,Penny,No,-4.384,3.721,-0.905,-0.965,-0.16,0.498,0.809,0.66,-0.613,-0.831,negative
427,Penny,No,-4.107,2.17,0.206,-0.811,0.334,0.633,0.402,1.097,-1.327,-0.04,negative
428,Penny,No,-5.069,2.119,0.826,-0.274,0.576,0.145,0.308,1.001,-1.412,-0.306,negative
429,Penny,No,-2.812,1.954,-0.661,0.109,-0.011,0.11,0.187,0.096,-1.538,0.592,negative
430,Penny,No,-3.76,-0.32,-0.24,1.273,1.751,1.125,0.23,-0.723,-0.501,0.315,positive
431,Penny,No,-3.152,0.086,-0.325,0.868,1.084,0.753,-0.522,-0.005,-0.821,0.483,negative
432,Penny,No,-2.558,0.755,-0.66,1.366,0.038,-0.011,-0.443,-0.531,-0.062,0.418,negative
433,Penny,No,-2.01,2.164,-0.626,0.389,-0.24,-0.441,0.103,-0.27,-0.647,0.165,negative
434,Penny,No,-2.601,2.735,-0.322,-0.255,-1.67,0.229,0.202,1.01,-0.871,-0.461,negative
435,Penny,No,-2.521,2.271,-0.277,0.27,-0.909,0.274,0.348,-0.028,-1.177,0.432,negative
436,Penny,No,-2.922,2.621,0.214,0.122,-1.477,-0.173,0.045,1.38,-0.635,-0.757,negative
437,Penny,No,-4.417,3.765,-1.225,-0.853,0.041,0.536,0.885,0.533,-0.757,-0.789,negative
438,Penny,No,-4.07,2.254,-0.28,-0.722,0.696,0.683,0.243,0.689,-1.45,0.19,negative
439,Penny,No,-5.08,2.241,0.971,-0.374,0.501,0.226,0.144,0.851,-1.319,-0.3,negative
440,Penny,No,-2.93,2.014,-0.7,0.206,-0.088,0.153,0.142,-0.031,-1.437,0.615,negative
441,Penny,No,-4.247,-0.034,0.248,1.372,1.831,1.167,0.087,-0.518,-0.316,0.347,positive
442,Penny,No,-3.183,0.154,-0.413,0.923,1.091,0.582,-0.447,-0.085,-0.904,0.693,negative
443,Penny,No,-2.514,0.558,-0.777,1.299,0.027,0.247,-0.487,-0.653,-0.028,0.481,negative
444,Penny,No,-2.041,2.119,-0.585,0.549,-0.43,-0.291,-0.002,-0.234,-0.751,0.253,negative
445,Penny,No,-2.64,2.704,-0.345,-0.23,-1.649,0.064,0.275,0.952,-0.651,-0.571,negative
446,Penny,No,-2.729,2.104,-0.505,0.138,-0.533,0.455,0.148,-0.407,-1.059,0.625,negative
447,Penny,No,-3.025,2.711,-0.147,-0.034,-1.34,0.049,0.364,1.099,-1.02,-0.652,negative
448,Penny,No,-4.415,3.737,-1.313,-0.815,0.168,0.59,0.975,0.42,-0.825,-0.748,negative
449,Penny,No,-4.036,2.141,-0.355,-0.602,0.837,0.663,-0.013,0.507,-1.412,0.21,negative
450,Penny,No,-5.158,2.488,1.064,-0.343,0.352,0.18,-0.05,0.817,-1.308,-0.249,negative
451,Penny,No,-2.907,1.992,-0.904,0.205,0.011,0.346,-0.031,-0.148,-1.262,0.487,negative
452,Penny,No,-4.687,0.406,0.889,1.464,1.618,1.021,-0.121,-0.398,-0.307,0.293,positive
453,Penny,No,-3.096,0.103,-0.452,0.879,1.067,0.497,-0.296,-0.067,-0.973,0.711,negative
454,Penny,No,-2.452,0.279,-0.805,1.141,0.239,0.176,-0.104,-0.752,-0.334,0.731,negative
455,Penny,No,-2.081,2.043,-0.521,0.578,-0.463,-0.246,-0.041,-0.162,-0.814,0.425,negative
456,Penny,No,-2.658,2.739,-0.382,-0.31,-1.64,0.081,0.276,0.884,-0.535,-0.548,negative
457,Penny,No,-2.982,2.001,-0.915,0.188,0.035,0.467,-0.13,-0.689,-0.684,0.664,negative
458,Penny,No,-3.098,2.525,-0.316,-0.322,-1.082,0.285,0.445,0.847,-0.951,-0.707,negative
459,Penny,No,-4.403,3.602,-0.945,-0.934,0.041,0.409,1.003,0.47,-0.477,-0.621,negative
460,Penny,No,-4.2,2.201,-0.31,-0.392,0.968,0.7,-0.328,0.129,-0.896,0.15,negative
461,Penny,No,-5.211,2.544,0.82,-0.333,0.447,0.226,0.127,0.89,-1.389,-0.304,negative
462,Penny,No,-2.752,1.778,-0.718,0.057,-0.009,0.402,0.121,0.05,-1.435,0.281,negative
463,Rose,No,-5.058,2.236,1.381,1.885,-0.259,-0.483,-0.562,0.123,-0.063,0.663,positive
464,Rose,No,-4.181,1.646,0.736,1.286,0.724,-0.511,-1.126,-0.45,-0.648,0.995,negative
465,Rose,No,-3.753,0.828,-0.042,1.406,0.209,-0.53,-0.52,-0.4,-0.386,1.07,negative
466,Rose,No,-3.494,1.207,-0.607,0.242,-0.43,0.131,0.236,0.545,-0.593,0.678,negative
467,Rose,No,-2.813,2.327,-1.246,-0.184,-0.755,0.491,1.202,-0.558,-0.669,0.054,negative
468,Rose,No,-3.133,1.983,-1.398,0.254,-0.667,0.532,0.389,-0.178,-0.584,0.844,negative
469,Rose,No,-3.749,3.018,-0.755,-0.452,-0.666,0.209,0.741,0.9,-1.613,0.128,negative
470,Rose,No,-4.373,4.643,-0.792,-1.332,-0.202,0.597,0.192,1.133,-1.131,-0.28,negative
471,Rose,No,-4.468,4.121,-0.42,-1.197,0.338,0.6,-0.11,0.314,-1.248,-0.012,negative
472,Rose,No,-4.902,4.49,-0.564,-0.536,-0.164,-0.298,0.842,-0.158,-0.906,0.358,negative
473,Rose,No,-4.125,2.3,-0.167,-0.27,0.103,0.32,-0.467,-0.254,-0.415,0.863,negative
474,Rose,No,-5.124,2.319,1.413,1.804,-0.277,-0.33,-0.746,0.221,0.06,0.46,positive
475,Rose,No,-4.393,2.137,0.57,1.397,0.293,-0.836,-0.966,-0.461,-0.277,1.184,negative
476,Rose,No,-3.961,1.078,0.11,1.232,0.21,-0.67,-0.536,-0.33,-0.268,1.098,negative
477,Rose,No,-3.654,1.222,-0.574,0.248,-0.299,0.158,0.154,0.553,-0.58,0.617,negative
478,Rose,No,-3.001,2.263,-1.178,-0.116,-0.922,0.536,1.286,-0.506,-0.566,-0.102,negative
479,Rose,No,-3.417,1.984,-1.148,0.234,-0.778,0.411,0.494,0.13,-0.704,0.764,negative
480,Rose,No,-3.887,3.172,-0.739,-0.69,-0.548,0.33,0.569,0.98,-1.609,0.283,negative
481,Rose,No,-4.474,4.569,-1.069,-1.409,0.137,1.049,0.071,0.877,-1.355,-0.167,negative
482,Rose,No,-4.471,4.096,-0.809,-0.881,0.646,0.539,0.04,0.142,-1.555,-0.023,negative
483,Rose,No,-4.947,4.637,-0.444,-0.953,-0.119,-0.249,0.594,0.27,-0.783,0.265,negative
484,Rose,No,-4.173,2.299,-0.298,-0.13,0.122,0.319,-0.388,-0.328,-0.48,0.99,negative
485,Rose,No,-5.131,2.192,1.364,1.936,-0.591,-0.354,-0.677,0.15,0.178,0.38,positive
486,Rose,No,-4.395,1.864,0.503,1.718,0.241,-0.817,-0.672,-0.687,-0.449,1.396,negative
487,Rose,No,-4.058,1.072,0.157,1.136,0.385,-0.687,-0.583,-0.185,-0.3,1.177,negative
488,Rose,No,-3.631,1.195,-0.719,0.13,-0.065,0.348,-0.061,0.555,-0.594,0.806,negative
489,Rose,No,-3.434,2.26,-1.065,-0.122,-0.795,0.363,1.403,-0.507,-0.375,0.015,negative
490,Rose,No,-3.765,1.97,-0.955,0.304,-0.735,0.41,0.38,0.146,-0.536,0.738,negative
491,Rose,No,-3.975,3.066,-0.506,-0.827,-0.478,0.434,0.356,0.939,-1.309,0.204,negative
492,Rose,No,-4.497,4.5,-1.446,-1.127,0.443,0.986,0.136,0.597,-1.087,-0.073,negative
493,Rose,No,-4.475,4.064,-0.927,-0.678,0.599,0.445,0.224,0.103,-1.336,-0.192,negative
494,Rose,No,-5.011,4.976,-0.868,-1.215,0.17,-0.018,0.543,0.154,-0.841,0.707,negative
495,Rose,No,-4.151,2.069,-0.605,0.111,0.41,0.354,-0.284,-0.381,-0.507,0.737,negative
496,Rose,No,-5.125,2.077,1.283,2.003,-0.734,-0.513,-0.557,0.055,0.295,0.269,positive
497,Rose,No,-4.316,1.409,0.441,1.819,0.5,-0.617,-0.633,-0.621,-0.671,1.193,negative
498,Rose,No,-4.149,1.129,-0.008,1.215,0.39,-0.474,-0.4,-0.343,-0.344,0.886,negative
499,Rose,No,-3.581,1.188,-0.958,0.189,-0.077,0.451,0.049,0.449,-0.676,0.919,negative
500,Rose,No,-3.828,2.367,-0.836,-0.343,-0.466,0.116,1.172,-0.175,-0.275,0.117,negative
501,Rose,No,-3.82,1.705,-1.13,0.45,-0.471,0.665,0.298,-0.175,-0.473,0.848,negative
502,Rose,No,-3.949,2.99,-0.643,-0.986,-0.175,0.768,0.249,0.803,-1.479,0.168,negative
503,Rose,No,-4.471,4.461,-1.887,-0.799,0.719,0.938,0.239,0.342,-1.036,-0.06,negative
504,Rose,No,-4.58,4.116,-0.753,-0.849,0.516,0.498,0.117,0.181,-1.256,-0.119,negative
505,Rose,No,-5.049,4.846,-0.678,-0.877,-0.09,0.005,0.253,-0.078,-0.178,0.131,negative
506,Rose,No,-5.143,2.051,1.216,1.898,-0.555,-0.466,-0.842,0.011,0.461,0.193,positive
507,Rose,No,-4.403,1.409,0.551,1.496,0.673,-0.616,-0.787,-0.382,-0.696,1.139,negative
508,Rose,No,-4.316,1.272,-0.087,1.285,0.126,-0.128,-0.286,-0.463,-0.294,0.691,negative
509,Rose,No,-3.622,1.111,-0.972,0.399,-0.402,0.527,0.271,0.373,-0.716,0.943,negative
510,Rose,No,-3.85,2.28,-1.055,-0.335,-0.164,0.41,0.913,-0.391,-0.338,0.26,negative
511,Rose,No,-3.962,1.724,-1.29,0.531,-0.17,0.528,0.282,-0.149,-0.603,1.139,negative
512,Rose,No,-3.894,2.91,-0.968,-0.671,-0.131,0.519,0.591,0.708,-1.515,0.121,negative
513,Rose,No,-4.469,4.348,-1.74,-0.886,0.447,0.883,0.374,0.577,-0.908,-0.089,negative
514,Rose,No,-4.661,4.235,-0.497,-1.021,0.295,0.457,-0.019,0.345,-1.355,0.062,negative
515,Rose,No,-5.04,5.074,-1.721,-0.264,0.279,0.176,0.003,-0.609,-0.177,0.422,negative
516,Rose,No,-4.169,1.799,-0.621,0.025,0.706,0.362,-0.343,-0.049,-0.339,0.22,negative
517,Rose,No,-5.105,1.968,1.14,1.719,-0.443,-0.432,-0.969,-0.173,0.551,0.176,positive
518,Rose,No,-4.544,1.672,0.643,1.281,0.504,-0.803,-0.709,-0.229,-0.546,1.058,negative
519,Rose,No,-4.426,1.167,0.008,1.315,0.189,-0.297,-0.124,-0.244,-0.423,0.684,negative
520,Rose,No,-3.622,0.988,-1.108,0.685,-0.693,0.754,0.442,0.166,-0.458,0.738,negative
521,Rose,No,-3.597,2.146,-1.492,-0.142,-0.297,0.815,0.87,-0.49,-0.471,0.41,negative
522,Rose,No,-4.122,1.735,-1.34,0.615,0.03,0.353,0.345,-0.104,-0.54,0.988,negative
523,Rose,No,-4.065,2.876,-0.856,-0.221,-0.533,0.232,0.855,0.633,-1.452,0.272,negative
524,Rose,No,-4.513,4.265,-1.477,-1.09,0.215,0.829,0.342,0.693,-0.601,-0.056,negative
525,Rose,No,-4.651,4.246,-0.823,-0.831,0.666,0.546,-0.3,0.094,-1.343,0.185,negative
526,Rose,No,-5.034,4.993,-1.633,-0.285,0.398,0.181,-0.211,-0.508,-0.283,0.304,negative
527,Rose,No,-4.261,1.827,-0.482,-0.194,0.731,0.354,-0.478,0.05,-0.112,0.321,negative
528,Mike,Yes,-1.149,-0.904,-1.988,0.739,-0.06,1.206,0.864,1.196,-0.3,-0.467,positive
529,Mike,Yes,-2.613,-0.092,-0.54,0.484,0.389,1.741,0.198,0.257,-0.375,-0.604,negative
530,Mike,Yes,-2.505,0.632,-0.593,0.304,0.496,0.824,-0.162,0.181,-0.363,-0.764,negative
531,Mike,Yes,-1.768,1.769,-1.142,-0.739,-0.086,0.12,-0.23,0.217,-0.009,-0.279,negative
532,Mike,Yes,-2.671,3.155,-0.514,0.133,-0.964,0.234,-0.071,1.192,0.254,-0.471,negative
533,Mike,Yes,-2.509,1.326,0.354,0.663,-0.724,0.418,-0.496,0.713,0.638,-0.204,negative
534,Mike,Yes,-2.764,1.111,0.727,1.54,-0.855,0.261,-1.11,0.227,0.42,0.991,negative
535,Mike,Yes,-3.816,3.426,0.224,-0.384,-1.733,0.434,-0.322,1.333,0.653,0.577,negative
536,Mike,Yes,-3.839,1.248,0.83,0.982,-1.11,0.617,-0.751,0.084,0.309,1.125,negative
537,Mike,Yes,-4.982,1.538,0.96,1.253,-0.64,0.588,-0.484,-0.31,-0.246,1.18,negative
538,Mike,Yes,-2.895,0.682,-0.151,0.218,-0.689,1.118,-0.264,0.922,0.757,0.327,negative
539,Mike,Yes,-1.093,-0.922,-2.091,0.844,0.009,1.247,0.891,1.453,-0.089,-0.4,positive
540,Mike,Yes,-2.499,0.119,-0.82,0.346,0.347,1.696,0.245,0.689,-0.084,-0.596,negative
541,Mike,Yes,-2.633,0.672,-0.372,0.439,0.437,0.907,-0.402,-0.04,-0.366,-0.741,negative
542,Mike,Yes,-1.707,1.652,-1.012,-0.622,-0.293,0.279,-0.276,0.477,0.05,-0.2,negative
543,Mike,Yes,-2.696,3.129,-0.52,0.294,-0.989,0.019,-0.066,1.106,0.361,-0.396,negative
544,Mike,Yes,-2.592,1.617,0.267,0.38,-0.777,0.487,-0.206,0.733,0.592,-0.403,negative
545,Mike,Yes,-2.733,1.088,0.761,1.694,-0.833,0.292,-1.069,0.266,0.369,1.034,negative
546,Mike,Yes,-3.835,3.339,0.29,-0.126,-1.68,0.195,-0.368,1.328,0.523,0.861,negative
547,Mike,Yes,-3.915,2.158,0.781,0.643,-1.023,0.598,-0.718,0.274,0.376,0.77,negative
548,Mike,Yes,-4.848,1.115,0.932,1.615,-0.589,0.592,-0.446,-0.366,-0.447,1.294,negative
549,Mike,Yes,-2.982,0.522,-0.1,0.362,-0.66,1.115,-0.305,0.859,0.637,0.344,negative
550,Mike,Yes,-1.784,-1.074,-1.661,1.324,0.289,1.303,0.924,1.307,-0.346,-0.521,positive
551,Mike,Yes,-1.89,0.207,-1.161,0.027,-0.047,1.581,0.277,1.129,0.366,-0.25,negative
552,Mike,Yes,-2.677,0.486,-0.061,0.517,0.222,1.102,-0.425,-0.096,-0.373,-0.484,negative
553,Mike,Yes,-1.716,1.186,-0.809,-0.515,-0.35,0.29,-0.404,0.678,0.172,-0.212,negative
554,Mike,Yes,-2.769,2.906,-0.194,0.349,-0.958,0.089,-0.245,1.004,0.6,-0.336,negative
555,Mike,Yes,-2.625,1.551,0.298,0.324,-1.05,0.746,0.067,0.603,0.342,-0.413,negative
556,Mike,Yes,-2.632,0.881,0.71,1.8,-0.75,0.33,-1.128,0.177,0.339,1.166,negative
557,Mike,Yes,-3.888,3.085,0.436,0.142,-1.526,-0.052,-0.503,1.085,0.511,0.976,negative
558,Mike,Yes,-3.824,1.832,1.093,1.024,-1.09,0.56,-0.336,0.299,0.126,1.005,negative
559,Mike,Yes,-4.813,1.042,0.887,1.661,-0.534,0.747,-0.513,-0.448,-0.412,1.214,negative
560,Mike,Yes,-2.971,0.463,-0.195,0.323,-0.625,0.941,-0.327,0.78,0.552,0.436,negative
561,Mike,Yes,-2.698,-1.027,-0.94,1.796,0.392,1.33,0.866,0.781,-0.838,-0.663,positive
562,Mike,Yes,-1.358,0.136,-1.082,-0.148,-0.609,1.464,0.144,1.149,0.481,0.119,negative
563,Mike,Yes,-2.594,0.621,-0.292,0.521,0.26,1.204,-0.337,0.261,-0.332,-0.51,negative
564,Mike,Yes,-1.793,0.925,-0.739,-0.396,-0.211,0.329,-0.403,0.604,0.197,-0.251,negative
565,Mike,Yes,-2.92,2.697,-0.116,0.451,-0.859,-0.035,-0.307,0.874,0.622,-0.301,negative
566,Mike,Yes,-2.696,1.26,0.436,0.657,-1.161,0.805,0.062,0.575,0.182,-0.334,negative
567,Mike,Yes,-2.484,0.559,0.624,1.951,-0.646,0.381,-1.106,0.036,0.24,1.291,negative
568,Mike,Yes,-3.989,3.049,0.304,0.209,-1.26,-0.205,-0.735,0.862,0.551,1.114,negative
569,Mike,Yes,-3.776,1.752,0.92,0.722,-1.164,0.774,-0.01,0.657,0.248,1.055,negative
570,Mike,Yes,-4.717,0.829,0.853,1.98,-0.546,0.688,-0.434,-0.424,-0.636,1.245,negative
571,Mike,Yes,-3.108,0.926,-0.389,0.249,-0.461,0.816,-0.226,0.818,0.387,0.303,negative
572,Mike,Yes,-3.366,-0.826,-0.405,1.643,0.603,1.226,0.524,0.293,-0.858,-0.668,positive
573,Mike,Yes,-1.53,0.029,-0.925,0.054,-0.565,1.593,0.123,1.117,0.338,0.026,negative
574,Mike,Yes,-1.817,0.559,-0.801,0.234,0.011,1.215,-0.161,0.809,0.018,-0.382,negative
575,Mike,Yes,-1.969,0.835,-0.671,-0.27,0.028,0.4,-0.444,0.53,0.061,-0.343,negative
576,Mike,Yes,-3.038,2.475,0.024,0.508,-0.737,-0.102,-0.358,0.706,0.6,-0.209,negative
577,Mike,Yes,-2.889,1.418,0.409,0.61,-1.018,0.992,0.005,0.518,-0.027,-0.326,negative
578,Mike,Yes,-2.71,0.809,0.754,1.903,-0.764,0.378,-1.123,0.162,0.405,1.163,negative
579,Mike,Yes,-3.992,3.342,0.167,0.086,-1.23,-0.216,-0.824,0.837,0.521,0.978,negative
580,Mike,Yes,-3.81,1.91,0.527,0.478,-0.972,0.945,-0.28,0.719,0.482,0.829,negative
581,Mike,Yes,-4.683,0.773,0.888,2.302,-0.562,0.395,-0.401,-0.289,-0.839,1.165,negative
582,Mike,Yes,-3.375,1.779,-0.822,0.382,-0.019,0.845,0.123,0.767,0.223,-0.337,negative
583,Mike,Yes,-3.312,-0.776,-0.504,1.39,0.86,1.257,0.222,0.314,-0.715,-0.765,positive
584,Mike,Yes,-2.073,0.088,-0.73,0.296,-0.286,1.75,0.154,1.078,0.294,-0.174,negative
585,Mike,Yes,-1.222,0.491,-0.716,0.004,-0.323,1.108,-0.148,0.773,0.387,-0.073,negative
586,Mike,Yes,-2.295,0.883,-0.619,-0.041,0.143,0.378,-0.602,0.335,-0.114,-0.391,negative
587,Mike,Yes,-2.968,2.149,0.13,0.676,-0.79,0.112,-0.507,0.762,0.625,-0.272,negative
588,Mike,Yes,-2.784,1.43,0.145,0.309,-0.931,1.342,0.017,0.589,-0.044,-0.273,negative
589,Mike,Yes,-3.073,1.532,0.949,1.541,-1.058,0.272,-0.961,0.449,0.619,0.969,negative
590,Mike,Yes,-3.958,4.132,-0.074,-0.19,-1.184,-0.11,-0.679,1.198,0.442,0.563,negative
591,Mike,Yes,-3.947,2.102,0.305,0.462,-0.765,1.037,-0.618,0.741,0.345,0.269,negative
592,Mike,Yes,-4.756,0.965,0.959,2.287,-0.527,0.454,-0.41,-0.362,-0.862,1.088,negative
593,Mike,Yes,-3.366,1.952,-0.898,0.258,0.282,0.835,0.29,0.681,0.431,-0.461,negative
594,Nick,Yes,-3.137,0.077,-1.157,1.589,0.204,1.898,0.17,0.676,-1.033,-0.635,positive
595,Nick,Yes,-3.262,0.956,-0.791,1.528,-0.021,0.977,-0.121,0.499,-0.99,-0.621,negative
596,Nick,Yes,-2.045,0.819,-1.46,0.652,-0.701,0.352,-0.087,0.793,-0.567,-0.013,negative
597,Nick,Yes,-1.993,1.725,-1.13,0.556,-1.223,0.485,0.211,-0.04,-0.294,-0.548,negative
598,Nick,Yes,-2.765,2.817,-2.02,0.213,-0.772,0.852,0.252,-0.193,-0.202,-0.093,negative
599,Nick,Yes,-2.55,2.391,-1.137,0.09,-0.948,0.217,0.051,0.723,-0.558,-0.204,negative
600,Nick,Yes,-3.297,2.88,-0.859,-0.301,-1.02,0.798,0.288,0.855,-0.528,-0.662,negative
601,Nick,Yes,-4.047,3.899,-0.423,0.147,-1.273,0.203,0.317,0.531,0.584,-0.11,negative
602,Nick,Yes,-4.101,2.84,-0.802,0.062,-0.733,1.304,-0.145,0.443,0.049,-0.611,negative
603,Nick,Yes,-4.693,3.146,-0.136,0.587,-0.731,1.055,-0.104,-0.021,0.637,-0.192,negative
604,Nick,Yes,-3.73,1.872,-0.801,0.555,-0.427,0.791,0.196,0.65,-0.744,-0.372,negative
605,Nick,Yes,-3.019,0.058,-1.265,1.497,0.171,1.997,0.178,0.847,-1.16,-0.548,positive
606,Nick,Yes,-3.339,1.004,-0.747,1.505,-0.068,1.007,-0.017,0.377,-0.775,-0.899,negative
607,Nick,Yes,-2.008,0.785,-1.489,0.654,-0.685,0.313,-0.085,0.856,-0.516,-0.053,negative
608,Nick,Yes,-1.951,1.684,-1.039,0.586,-1.166,0.345,0.33,-0.108,-0.198,-0.609,negative
609,Nick,Yes,-2.785,2.792,-1.924,0.225,-0.985,1.076,0.07,-0.071,-0.257,-0.135,negative
610,Nick,Yes,-2.538,2.351,-1.029,0.146,-0.922,0.201,-0.058,0.835,-0.712,-0.074,negative
611,Nick,Yes,-3.231,3.003,-1.161,-0.315,-0.816,0.87,0.311,0.677,-0.565,-0.7,negative
612,Nick,Yes,-4.033,4.071,-0.586,0.127,-1.447,0.62,0.197,0.711,0.48,-0.306,negative
613,Nick,Yes,-4.13,3.105,-1.141,0.183,-0.498,1.324,-0.399,0.675,-0.339,-0.694,negative
614,Nick,Yes,-4.718,3.281,-0.203,0.651,-0.883,1.413,-0.663,0.583,0.237,-0.307,negative
615,Nick,Yes,-3.7,1.841,-0.675,0.441,-0.383,0.89,0.176,0.594,-0.677,-0.408,negative
616,Nick,Yes,-2.973,0.036,-1.273,1.519,0.195,1.98,0.131,0.832,-1.157,-0.547,positive
617,Nick,Yes,-3.485,1.092,-0.674,1.395,-0.027,1.039,-0.047,0.384,-0.761,-0.934,negative
618,Nick,Yes,-1.929,0.777,-1.415,0.598,-0.579,0.215,-0.061,0.733,-0.333,-0.235,negative
619,Nick,Yes,-1.928,1.578,-0.997,0.672,-1.287,0.381,0.249,0.006,-0.167,-0.637,negative
620,Nick,Yes,-2.823,2.743,-2.012,0.234,-0.919,1.103,0.091,-0.177,-0.143,-0.09,negative
621,Nick,Yes,-2.521,2.283,-0.954,0.232,-0.918,0.253,-0.094,0.833,-0.704,-0.092,negative
622,Nick,Yes,-3.173,3.166,-1.501,-0.37,-0.437,0.974,0.179,0.556,-0.794,-0.549,negative
623,Nick,Yes,-4.049,4.039,-0.558,0.064,-1.676,1.024,0.047,1.024,-0.091,-0.283,negative
624,Nick,Yes,-4.13,3.291,-1.424,0.359,-0.273,1.297,-0.454,0.62,-0.527,-0.709,negative
625,Nick,Yes,-4.753,3.421,-0.189,0.656,-0.984,1.443,-0.652,0.546,0.123,-0.326,negative
626,Nick,Yes,-3.725,1.904,-0.737,0.433,-0.369,1.047,0.12,0.425,-0.678,-0.391,negative
627,Nick,Yes,-3,0.042,-1.238,1.529,0.187,2.028,0.104,0.759,-1.18,-0.634,positive
628,Nick,Yes,-3.587,1.193,-0.617,1.34,-0.022,1.103,-0.072,0.368,-0.854,-0.767,negative
629,Nick,Yes,-1.895,0.755,-1.388,0.638,-0.614,0.246,-0.033,0.693,-0.27,-0.346,negative
630,Nick,Yes,-1.925,1.517,-0.999,0.634,-1.27,0.207,0.385,0.004,-0.141,-0.624,negative
631,Nick,Yes,-2.797,2.706,-1.936,0.147,-0.921,1.24,-0.082,-0.006,-0.214,-0.064,negative
632,Nick,Yes,-2.561,2.191,-0.955,0.214,-0.841,0.386,-0.083,0.74,-0.612,-0.196,negative
633,Nick,Yes,-3.152,3.176,-1.573,-0.204,-0.485,0.723,0.308,0.652,-0.872,-0.586,negative
634,Nick,Yes,-4.064,4.106,-0.545,0.03,-1.645,0.904,0.103,0.907,0.05,-0.322,negative
635,Nick,Yes,-4.139,3.363,-1.464,0.459,-0.066,1.045,-0.146,0.172,-0.124,-0.864,negative
636,Nick,Yes,-4.782,3.325,-0.071,0.663,-0.913,1.012,-0.033,-0.103,0.483,-0.202,negative
637,Nick,Yes,-3.731,1.927,-0.705,0.453,-0.372,1.149,0.046,0.323,-0.627,-0.331,negative
638,Nick,Yes,-3.055,0.088,-1.217,1.562,0.186,2.059,0.054,0.639,-1.121,-0.757,positive
639,Nick,Yes,-3.711,1.377,-0.584,1.428,-0.033,1.062,-0.127,0.328,-1.092,-0.565,negative
640,Nick,Yes,-1.926,0.689,-1.433,0.716,-0.588,0.269,-0.044,0.716,-0.245,-0.285,negative
641,Nick,Yes,-1.948,1.536,-1.012,0.537,-1.229,0.183,0.46,-0.002,-0.178,-0.576,negative
642,Nick,Yes,-2.8,2.609,-1.726,0.036,-0.941,1.039,0.191,0.044,-0.165,-0.234,negative
643,Nick,Yes,-2.691,2.111,-1.067,0.174,-0.649,0.431,-0.017,0.655,-0.498,-0.292,negative
644,Nick,Yes,-3.19,3.101,-1.659,-0.182,-0.436,0.828,0.272,0.502,-0.857,-0.516,negative
645,Nick,Yes,-4.074,4.187,-0.555,0.052,-1.603,0.73,-0.061,0.981,0.249,-0.25,negative
646,Nick,Yes,-4.174,3.54,-1.43,0.417,0.267,0.918,-0.118,-0.267,-0.162,-0.71,negative
647,Nick,Yes,-4.827,3.391,-0.099,0.599,-0.723,0.741,0.089,-0.214,0.518,-0.074,negative
648,Nick,Yes,-3.735,2.096,-0.818,0.463,-0.221,1.144,0.023,0.224,-0.745,-0.325,negative
649,Nick,Yes,-3.117,0.146,-1.228,1.635,0.223,2.026,0.036,0.569,-1.15,-0.767,positive
650,Nick,Yes,-3.871,1.694,-0.606,1.428,0.044,0.844,-0.013,0.126,-1.218,-0.553,negative
651,Nick,Yes,-2.029,0.698,-1.482,0.813,-0.681,0.422,0.016,0.751,-0.3,-0.237,negative
652,Nick,Yes,-1.998,1.497,-1.005,0.519,-1.236,0.398,0.273,0.151,-0.319,-0.49,negative
653,Nick,Yes,-2.914,2.541,-1.567,0.067,-1.051,1.207,0.006,0.289,-0.325,-0.343,negative
654,Nick,Yes,-2.937,2.183,-1.291,0.355,-0.372,0.57,0.045,0.452,-0.705,-0.263,negative
655,Nick,Yes,-3.239,2.916,-1.406,-0.455,-0.454,1.219,0.078,0.383,-0.776,-0.413,negative
656,Nick,Yes,-4.069,4.205,-0.614,-0.06,-1.462,0.476,0.381,0.589,0.405,-0.259,negative
657,Nick,Yes,-4.235,3.775,-1.593,0.814,0.288,0.805,-0.566,-0.247,-0.409,-0.556,negative
658,Nick,Yes,-4.884,3.63,-0.279,0.496,-0.67,0.792,-0.005,-0.137,0.532,-0.184,negative
659,Nick,Yes,-3.756,2.204,-0.716,0.529,-0.284,1.121,0.022,0.127,-0.782,-0.394,negative
660,Rich,Yes,-4.066,0.398,-0.382,1.679,0.121,1.617,0.504,-0.315,-0.226,-0.873,positive
661,Rich,Yes,-2.966,0.659,-1.057,1.36,0.152,1.435,0.197,0.926,-0.45,-0.637,negative
662,Rich,Yes,-2.695,1.119,-0.986,0.172,0.499,0.372,0.088,0.63,-0.721,-0.256,negative
663,Rich,Yes,-2.482,1.896,-1.289,0.112,0.285,0.096,0.022,0.832,-0.333,-0.764,negative
664,Rich,Yes,-2.742,2.729,-0.129,-0.49,-0.573,0.868,0.07,0.771,0.053,-0.939,negative
665,Rich,Yes,-2.434,2.903,-1.341,-0.411,0.372,0.843,-0.022,0.336,0.123,-0.747,negative
666,Rich,Yes,-2.973,3.557,-0.396,-0.719,-0.669,0.923,0.293,1.009,0.14,-1.098,negative
667,Rich,Yes,-4.103,3.812,0.255,-0.103,-0.994,0.097,-0.345,2.039,0.02,-0.43,negative
668,Rich,Yes,-3.863,3.245,-0.996,0.486,-0.348,0.19,0.558,1.342,0.176,-0.318,negative
669,Rich,Yes,-4.611,2.962,-0.856,1.161,-0.612,0.469,0.162,0.705,0.37,-0.916,negative
670,Rich,Yes,-3.548,1.611,-0.85,0.374,0.168,0.318,0.463,0.863,-1.131,-0.334,negative
671,Rich,Yes,-4.052,0.35,-0.314,1.734,0.127,1.667,0.512,-0.377,-0.358,-0.855,positive
672,Rich,Yes,-3.034,0.694,-1.007,1.453,0.155,1.48,0.179,1.005,-0.54,-0.563,negative
673,Rich,Yes,-2.667,1.132,-1.054,0.232,0.537,0.352,0.163,0.55,-0.688,-0.295,negative
674,Rich,Yes,-2.395,1.929,-1.496,0.372,0.065,0.009,0.149,0.813,-0.484,-0.672,negative
675,Rich,Yes,-2.758,2.839,-0.282,-0.449,-0.485,0.788,0.12,0.792,0.023,-0.949,negative
676,Rich,Yes,-2.464,2.755,-0.975,-0.651,0.158,1.047,-0.145,0.203,0.246,-0.745,negative
677,Rich,Yes,-3.045,3.312,0.171,-0.605,-1.027,0.924,0.353,0.897,0.365,-0.871,negative
678,Rich,Yes,-4.089,3.712,0.315,-0.05,-0.929,0.018,-0.35,1.77,0.244,-0.301,negative
679,Rich,Yes,-3.989,3.582,-1.1,0.374,-0.12,0.291,0.663,0.96,0.023,-0.477,negative
680,Rich,Yes,-4.602,3.043,-0.959,0.828,-0.298,0.315,0.423,0.57,0.387,-0.617,negative
681,Rich,Yes,-3.707,1.486,-0.494,0.402,0.183,0.186,0.234,1.029,-0.856,-0.408,negative
682,Rich,Yes,-3.894,0.117,-0.407,1.973,0.043,1.891,0.411,-0.095,-0.436,-1.015,positive
683,Rich,Yes,-3.053,0.716,-1.024,1.422,0.184,1.473,0.261,0.983,-0.431,-0.717,negative
684,Rich,Yes,-2.615,1.185,-1.162,0.395,0.459,0.345,0.298,0.456,-0.62,-0.307,negative
685,Rich,Yes,-2.303,1.954,-1.493,0.305,0.047,0.056,0.026,0.902,-0.522,-0.645,negative
686,Rich,Yes,-2.79,2.665,0.036,-0.44,-0.604,0.811,0.098,0.723,0.134,-0.91,negative
687,Rich,Yes,-2.445,2.678,-0.816,-0.743,0.076,1.117,-0.057,0.018,0.281,-0.72,negative
688,Rich,Yes,-3.024,3.26,0.35,-0.577,-1.183,0.872,0.556,0.762,0.395,-0.665,negative
689,Rich,Yes,-3.983,3.695,0.096,-0.333,-1.01,0.169,-0.108,1.674,0.262,-0.231,negative
690,Rich,Yes,-3.96,3.373,-1.235,0.152,0.031,0.664,0.558,0.841,-0.133,-0.317,negative
691,Rich,Yes,-4.617,3.033,-0.909,0.604,-0.341,0.636,0.294,0.527,0.48,-0.558,negative
692,Rich,Yes,-3.789,1.42,-0.372,0.568,0.123,0.185,0.078,1.006,-0.722,-0.391,negative
693,Rich,Yes,-3.676,-0.185,-0.563,2.377,0.096,1.854,0.303,0.296,-0.358,-1.205,positive
694,Rich,Yes,-3.033,0.7,-1.077,1.266,0.196,1.453,0.317,0.947,-0.324,-0.828,negative
695,Rich,Yes,-2.6,1.219,-1.315,0.589,0.311,0.364,0.451,0.35,-0.556,-0.314,negative
696,Rich,Yes,-2.316,2.007,-1.365,0.181,0.206,0.071,0.037,0.814,-0.332,-0.753,negative
697,Rich,Yes,-2.7,2.686,-0.043,-0.528,-0.626,0.917,0.167,0.652,0.1,-0.937,negative
698,Rich,Yes,-2.444,2.529,-0.487,-0.814,-0.151,1.285,0.077,-0.064,0.287,-0.638,negative
699,Rich,Yes,-2.969,3.128,0.504,-0.487,-1.371,0.704,0.66,0.676,0.469,-0.525,negative
700,Rich,Yes,-3.878,3.816,-0.155,-0.668,-1.207,0.541,0.022,1.972,-0.029,-0.29,negative
701,Rich,Yes,-3.896,2.768,-0.816,-0.014,-0.125,0.168,0.307,1.203,0.246,-0.118,negative
702,Rich,Yes,-4.717,3.059,-0.682,0.532,-0.48,0.731,0.174,0.493,0.635,-0.473,negative
703,Rich,Yes,-3.689,1.367,-0.389,0.376,0.136,0.343,0.156,1.01,-0.611,-0.551,negative
704,Rich,Yes,-3.644,-0.215,-0.579,2.307,0.046,1.945,0.28,0.272,-0.539,-1.226,positive
705,Rich,Yes,-3.034,0.452,-0.946,0.931,0.128,1.514,0.142,0.932,-0.104,-0.974,negative
706,Rich,Yes,-2.817,1.268,-1.127,0.707,0.399,0.406,0.289,0.319,-0.691,-0.379,negative
707,Rich,Yes,-2.382,1.984,-1.096,-0.103,0.369,0.204,-0.125,0.752,-0.136,-0.959,negative
708,Rich,Yes,-2.54,2.925,-0.377,-0.745,-0.562,0.981,0.303,0.539,0.127,-0.959,negative
709,Rich,Yes,-2.505,2.358,-0.184,-0.792,-0.316,1.363,0.302,-0.121,0.214,-0.622,negative
710,Rich,Yes,-2.951,2.64,0.832,-0.387,-1.502,0.272,0.756,0.538,0.616,-0.399,negative
711,Rich,Yes,-3.979,3.661,0.169,-0.598,-1.412,0.569,0.009,1.939,0.094,-0.149,negative
712,Rich,Yes,-4.083,2.315,-0.375,0.52,-0.019,-0.211,-0.172,1.054,0.387,0.168,negative
713,Rich,Yes,-4.805,3.228,-0.501,0.602,-0.532,0.745,0.09,0.445,0.756,-0.42,negative
714,Rich,Yes,-3.661,1.292,-0.433,0.34,0.098,0.363,0.246,0.911,-0.415,-0.507,negative
715,Rich,Yes,-3.337,-0.347,-0.79,2.129,-0.058,2.079,0.295,0.246,-0.687,-1.241,positive
716,Rich,Yes,-3,0.217,-0.855,0.803,-0.008,1.795,-0.01,1.07,-0.061,-1.046,negative
717,Rich,Yes,-3.047,1.267,-0.799,0.507,0.524,0.507,0.044,0.302,-0.731,-0.431,negative
718,Rich,Yes,-2.45,1.993,-1.08,-0.09,0.367,0.324,-0.164,0.684,-0.181,-1.013,negative
719,Rich,Yes,-2.544,2.725,-0.067,-0.787,-0.903,0.97,0.524,0.32,0.283,-0.822,negative
720,Rich,Yes,-2.703,2.066,0.205,-0.63,-0.345,1.229,0.403,-0.032,0.247,-0.696,negative
721,Rich,Yes,-3.015,2.219,0.996,-0.455,-1.514,0.047,0.864,0.468,0.657,-0.343,negative
722,Rich,Yes,-4.122,3.177,0.529,-0.176,-1.307,0.132,-0.279,1.353,0.458,-0.009,negative
723,Rich,Yes,-4.047,2.626,-0.597,0.823,-0.266,0.048,0.049,0.882,0.359,-0.203,negative
724,Rich,Yes,-4.893,3.37,-0.464,0.538,-0.327,0.496,0.27,0.47,0.742,-0.141,negative
725,Rich,Yes,-3.664,1.119,-0.459,0.482,0.082,0.221,0.185,0.861,-0.237,-0.413,negative
726,Tim,Yes,-2.463,-0.197,-1.264,1.15,0.234,1.833,0.066,0.738,-1.382,-0.498,positive
727,Tim,Yes,-2.913,0.757,-0.819,1.245,0.419,1.17,0.051,0.328,-0.96,-0.614,negative
728,Tim,Yes,-2.012,1.134,-1.029,0.205,0.661,0.359,0.456,0.372,-0.939,-0.613,negative
729,Tim,Yes,-2.101,1.502,-0.322,-0.363,0.026,0.116,0.162,-0.074,-0.106,-0.397,negative
730,Tim,Yes,-2.565,1.871,-0.269,0.187,-0.656,0.267,-0.328,0.184,0.348,-0.511,negative
731,Tim,Yes,-2.346,1.604,-0.283,0.393,-0.416,0.268,-0.463,0.387,0.253,-0.504,negative
732,Tim,Yes,-3.008,2.882,-0.9,0.214,-0.565,-0.197,0.449,0.305,0.413,-0.3,negative
733,Tim,Yes,-3.823,3.536,-2.07,0.245,-0.442,1.125,0.73,0.538,-0.006,-0.64,negative
734,Tim,Yes,-4.019,3.52,-1.058,-0.2,-0.545,1.348,0.351,0.82,-0.868,-0.434,negative
735,Tim,Yes,-4.022,0.941,-0.623,1.461,0.02,1.904,-0.074,0.464,-0.541,-0.211,negative
736,Tim,Yes,-3.209,1.85,-0.394,0.555,0.425,0.313,0.067,0.077,-0.163,-0.944,negative
737,Tim,Yes,-2.377,-0.266,-1.371,1.09,0.24,1.843,0.107,0.702,-1.256,-0.62,positive
738,Tim,Yes,-2.961,0.766,-0.8,0.962,0.658,1.012,0.347,-0.015,-0.425,-0.746,negative
739,Tim,Yes,-2.207,1.09,-0.627,0.024,0.912,0.662,0.241,0.348,-0.702,-0.912,negative
740,Tim,Yes,-2.131,1.487,-0.302,-0.272,0.012,0.067,0.149,0.022,-0.133,-0.322,negative
741,Tim,Yes,-2.596,1.867,-0.208,0.208,-0.574,0.146,-0.214,0.116,0.395,-0.541,negative
742,Tim,Yes,-2.378,1.568,-0.243,0.407,-0.428,0.229,-0.293,0.297,0.372,-0.512,negative
743,Tim,Yes,-3.117,2.876,-0.746,-0.047,-0.427,-0.053,0.453,0.305,0.541,-0.489,negative
744,Tim,Yes,-3.911,3.703,-1.965,0.132,-0.209,0.929,0.811,0.495,-0.142,-0.519,negative
745,Tim,Yes,-4.135,3.651,-0.751,-0.066,-0.789,1.131,0.496,0.788,-0.883,-0.351,negative
746,Tim,Yes,-4.028,0.982,-0.648,1.478,-0.048,2.108,-0.146,0.467,-0.654,-0.193,negative
747,Tim,Yes,-3.265,1.933,-0.316,0.602,0.438,0.336,0.048,0.134,-0.16,-0.991,negative
748,Tim,Yes,-2.382,-0.294,-1.397,1.051,0.211,1.901,0.151,0.654,-1.286,-0.609,positive
749,Tim,Yes,-2.941,0.71,-0.855,0.902,0.635,0.924,0.466,0.01,-0.342,-0.588,negative
750,Tim,Yes,-2.306,1.086,-0.59,0.106,0.931,0.733,0.213,0.274,-0.684,-0.911,negative
751,Tim,Yes,-2.162,1.533,-0.267,-0.287,-0.026,0.122,0.168,-0.024,-0.268,-0.27,negative
752,Tim,Yes,-2.639,1.88,-0.389,0.204,-0.571,0.094,-0.233,0.279,0.426,-0.598,negative
753,Tim,Yes,-2.458,1.586,-0.359,0.376,-0.244,0.134,-0.163,0.298,0.444,-0.711,negative
754,Tim,Yes,-3.242,2.901,-0.632,-0.332,-0.421,0.226,0.536,0.142,0.623,-0.616,negative
755,Tim,Yes,-3.977,3.684,-1.242,-0.364,-0.217,0.594,0.759,0.6,0.069,-0.25,negative
756,Tim,Yes,-4.094,3.586,-0.845,-0.026,-0.538,0.964,0.666,0.647,-0.412,-0.477,negative
757,Tim,Yes,-4.138,1.128,-0.601,1.553,-0.019,2.039,-0.176,0.262,-0.551,-0.362,negative
758,Tim,Yes,-3.242,1.802,-0.482,0.699,0.424,0.337,0.115,0.272,-0.205,-1.074,negative
759,Tim,Yes,-2.453,-0.32,-1.368,1.04,0.174,1.985,0.158,0.59,-1.318,-0.587,positive
760,Tim,Yes,-2.957,0.596,-0.756,0.89,0.58,0.836,0.543,0.036,-0.232,-0.579,negative
761,Tim,Yes,-2.289,1.106,-0.816,0.228,0.867,0.616,0.338,0.298,-0.843,-0.832,negative
762,Tim,Yes,-2.175,1.631,-0.331,-0.203,-0.159,0.246,0.18,-0.093,-0.351,-0.267,negative
763,Tim,Yes,-2.723,1.975,-0.636,0.336,-0.677,0.156,-0.342,0.479,0.381,-0.729,negative
764,Tim,Yes,-2.58,1.608,-0.311,0.273,-0.148,0.262,-0.062,0.167,0.337,-0.692,negative
765,Tim,Yes,-3.311,2.946,-0.808,-0.3,-0.457,0.324,0.515,0.149,0.533,-0.718,negative
766,Tim,Yes,-4.052,3.747,-1.24,-0.299,-0.426,0.917,0.517,0.716,-0.21,-0.125,negative
767,Tim,Yes,-4.039,3.506,-0.964,0.041,-0.4,0.976,0.65,0.659,-0.216,-0.327,negative
768,Tim,Yes,-4.319,1.338,-0.549,1.678,0.027,1.922,-0.228,0.161,-0.47,-0.442,negative
769,Tim,Yes,-3.329,1.788,-0.517,0.597,0.503,0.278,0.121,0.176,-0.159,-0.98,negative
770,Tim,Yes,-2.46,-0.325,-1.404,0.928,0.122,2.049,0.274,0.532,-1.113,-0.769,positive
771,Tim,Yes,-2.904,0.458,-0.656,0.832,0.61,0.805,0.568,0.041,-0.114,-0.615,negative
772,Tim,Yes,-2.318,1.097,-0.832,0.26,0.821,0.588,0.402,0.327,-0.852,-0.773,negative
773,Tim,Yes,-2.147,1.655,-0.355,-0.082,-0.194,0.296,0.146,-0.083,-0.314,-0.308,negative
774,Tim,Yes,-2.733,2.026,-0.71,0.377,-0.774,0.284,-0.469,0.693,0.205,-0.74,negative
775,Tim,Yes,-2.729,1.595,-0.15,0.167,0.015,0.377,0.083,-0.038,0.166,-0.672,negative
776,Tim,Yes,-3.338,3.033,-1.189,-0.269,-0.364,0.544,0.491,0.148,0.365,-0.931,negative
777,Tim,Yes,-4.048,3.753,-1.15,-0.209,-0.53,0.871,0.445,0.716,-0.131,0.139,negative
778,Tim,Yes,-4.142,3.454,-0.653,0.271,-0.598,0.793,0.563,0.52,-0.118,-0.33,negative
779,Tim,Yes,-4.457,1.512,-0.514,1.764,0.063,1.86,-0.332,0.189,-0.521,-0.415,negative
780,Tim,Yes,-3.407,1.821,-0.675,0.765,0.256,0.469,-0.09,0.322,-0.387,-0.968,negative
781,Tim,Yes,-2.391,-0.347,-1.474,0.843,0.089,2.021,0.417,0.502,-0.86,-0.978,positive
782,Tim,Yes,-2.919,0.463,-0.716,0.957,0.635,0.833,0.501,0.048,-0.134,-0.638,negative
783,Tim,Yes,-2.385,1.01,-0.754,0.37,0.785,0.471,0.415,0.318,-0.797,-0.679,negative
784,Tim,Yes,-2.104,1.6,-0.297,-0.071,-0.172,0.285,0.152,-0.089,-0.296,-0.37,negative
785,Tim,Yes,-2.706,2.07,-0.691,0.31,-0.745,0.266,-0.413,0.602,0.36,-0.713,negative
786,Tim,Yes,-2.855,1.587,-0.03,0.202,0.165,0.445,0.207,-0.067,-0.013,-0.712,negative
787,Tim,Yes,-3.339,3.011,-1.264,-0.343,-0.119,0.498,0.589,0.078,0.221,-0.822,negative
788,Tim,Yes,-4.039,3.689,-1.007,-0.139,-0.542,0.587,0.535,0.465,0.194,0.168,negative
789,Tim,Yes,-4.172,3.07,-0.781,0.516,-0.627,1.006,0.531,0.441,-0.102,-0.456,negative
790,Tim,Yes,-4.494,1.535,-0.495,1.715,0.044,1.892,-0.367,0.362,-0.583,-0.291,negative
791,Tim,Yes,-3.285,1.547,-0.897,0.917,0.127,0.402,-0.011,0.502,-0.557,-0.715,negative
792,Sarah,No,-3.415,-0.538,0.241,2.038,0.622,1.027,-0.701,-0.66,-0.418,0.781,positive
793,Sarah,No,-3.439,1.007,0.02,1.491,0.777,0.257,-0.777,-0.282,-0.707,0.746,negative
794,Sarah,No,-2.814,1.515,-0.088,0.597,-0.033,-0.29,-0.445,0.113,-0.136,0.662,negative
795,Sarah,No,-2.027,2.157,-0.297,-0.211,-0.266,0.086,-0.176,-0.179,-0.283,0.292,negative
796,Sarah,No,-2.263,3.344,-1.165,-0.625,-0.159,0.926,0.13,-0.33,-0.783,0.31,negative
797,Sarah,No,-2.594,2.584,-0.37,-0.524,-0.177,0.515,-0.137,0.095,-0.731,0.072,negative
798,Sarah,No,-2.702,3.596,-0.57,-1.041,-0.709,1.009,0.403,0.426,-1.013,-0.009,negative
799,Sarah,No,-3.44,3.203,-0.698,-0.86,-0.542,1.503,0.922,0.467,-0.183,-0.919,negative
800,Sarah,No,-3.961,4.144,-0.934,-0.089,-0.612,0.787,0.326,0.182,-0.487,-0.719,negative
801,Sarah,No,-4.471,3.192,-0.161,0.117,-0.327,0.406,-0.201,0.919,-0.716,-0.933,negative
802,Sarah,No,-3.012,2.252,-0.806,0.389,-0.11,0.649,-0.328,0.321,-0.559,0.234,negative
803,Sarah,No,-3.705,-0.204,0.274,1.569,0.883,1.366,-0.94,-0.691,-0.162,0.598,positive
804,Sarah,No,-3.303,0.702,-0.209,1.627,0.818,0.287,-0.541,-0.198,-0.717,0.768,negative
805,Sarah,No,-2.64,1.322,-0.111,0.861,0.026,-0.354,-0.425,0.083,-0.235,0.781,negative
806,Sarah,No,-1.948,2.143,-0.068,-0.211,-0.238,0.263,-0.27,-0.238,-0.342,0.147,negative
807,Sarah,No,-2.247,3.42,-0.887,-0.823,-0.297,0.774,0.185,-0.242,-0.79,0.046,negative
808,Sarah,No,-2.489,2.401,-0.44,-0.367,-0.069,0.533,0.011,0.118,-0.621,-0.188,negative
809,Sarah,No,-2.776,3.557,-0.435,-1.044,-0.572,1.273,0.221,0.295,-0.986,-0.04,negative
810,Sarah,No,-3.356,3.236,-0.653,-0.9,-0.661,1.43,0.901,0.395,-0.139,-0.726,negative
811,Sarah,No,-3.909,3.674,-0.648,0.088,-0.365,0.199,0.424,0.336,-0.012,-0.252,negative
812,Sarah,No,-4.386,3.055,0.075,-0.018,-0.436,0.566,-0.288,0.936,-0.577,-1.01,negative
813,Sarah,No,-3.067,2.549,-0.851,0.505,0.044,0.574,-0.377,0.147,-0.606,0.189,negative
814,Sarah,No,-3.699,-0.251,0.268,1.585,0.85,1.381,-0.867,-0.71,-0.19,0.567,positive
815,Sarah,No,-3.266,0.577,-0.261,1.481,0.874,0.301,-0.496,-0.012,-0.623,0.879,negative
816,Sarah,No,-2.676,1.411,-0.098,1.047,-0.04,-0.131,-0.56,-0.03,-0.192,0.705,negative
817,Sarah,No,-1.899,2.135,0.092,-0.11,-0.145,0.081,-0.067,-0.104,-0.408,-0.099,negative
818,Sarah,No,-2.305,3.625,-1.203,-0.665,-0.296,0.775,0.197,-0.282,-0.842,0.188,negative
819,Sarah,No,-2.489,2.379,-0.523,-0.158,-0.178,0.406,0.198,0.059,-0.589,-0.256,negative
820,Sarah,No,-2.898,3.393,-0.409,-0.993,-0.587,1.322,0.24,0.231,-1.068,-0.094,negative
821,Sarah,No,-3.376,3.327,-0.797,-0.849,-0.681,1.198,0.838,0.244,-0.298,-0.618,negative
822,Sarah,No,-3.828,3.188,-0.388,0.055,-0.185,-0.029,0.503,0.273,0.326,0.1,negative
823,Sarah,No,-4.283,2.829,0.296,0.086,-0.544,0.501,-0.317,0.995,-0.34,-1.113,negative
824,Sarah,No,-3.189,2.62,-0.833,0.45,0.009,0.444,-0.348,0.126,-0.614,0.081,negative
825,Sarah,No,-3.49,-0.474,0.187,1.747,0.733,1.307,-0.816,-0.787,-0.222,0.41,positive
826,Sarah,No,-3.155,0.613,-0.285,1.287,0.882,0.337,-0.624,0.067,-0.516,0.891,negative
827,Sarah,No,-2.762,1.51,-0.145,1.157,-0.256,0.041,-0.647,-0.324,-0.128,0.806,negative
828,Sarah,No,-1.959,2.285,-0.089,-0.262,-0.013,0.019,-0.233,-0.068,-0.268,-0.022,negative
829,Sarah,No,-2.364,3.743,-1.393,-0.361,-0.354,1.004,0.208,-0.376,-1.046,0.722,negative
830,Sarah,No,-2.577,2.449,-0.38,0.174,-0.41,0.383,0.19,0.097,-0.489,-0.084,negative
831,Sarah,No,-2.919,3.48,-0.823,-0.751,-0.416,1.045,0.609,0.18,-1.172,0.123,negative
832,Sarah,No,-3.387,3.286,-0.747,-0.699,-0.9,0.891,0.875,0.46,-0.457,-0.636,negative
833,Sarah,No,-3.818,3.159,-0.298,-0.058,-0.348,0.194,0.593,0.211,0.531,-0.014,negative
834,Sarah,No,-4.299,2.775,0.244,0.177,-0.436,0.261,-0.308,1.175,-0.227,-1.115,negative
835,Sarah,No,-3.269,2.489,-0.76,0.352,-0.092,0.432,-0.27,0.242,-0.523,0.01,negative
836,Sarah,No,-2.852,-0.805,-0.313,1.565,0.688,1.467,-0.664,-0.916,-0.279,0.489,positive
837,Sarah,No,-3.379,0.95,-0.06,1.47,0.538,0.051,-0.681,-0.098,-0.405,0.912,negative
838,Sarah,No,-2.836,1.561,-0.076,1.229,-0.291,-0.036,-0.369,-0.393,-0.181,0.85,negative
839,Sarah,No,-2.021,2.493,-0.416,-0.116,0.094,-0.033,-0.4,-0.08,-0.136,0.069,negative
840,Sarah,No,-2.411,3.85,-1.405,-0.302,-0.398,1.069,0.216,-0.291,-1.116,1.043,negative
841,Sarah,No,-2.708,2.56,-0.439,0.324,-0.348,0.429,0.091,-0.037,-0.434,0.344,negative
842,Sarah,No,-2.883,3.576,-1.198,-0.562,-0.162,0.974,0.764,-0.03,-1.023,0.346,negative
843,Sarah,No,-3.39,3.422,-0.718,-0.667,-0.871,0.788,0.959,0.555,-0.482,-0.724,negative
844,Sarah,No,-3.972,3.24,-0.829,0.069,-0.617,0.977,0.532,0.498,-0.191,-0.91,negative
845,Sarah,No,-4.513,3.08,0.068,0.05,-0.484,0.341,-0.257,1.302,-0.517,-1.057,negative
846,Sarah,No,-3.292,2.595,-0.578,0.42,-0.233,0.391,-0.241,0.437,-0.541,-0.021,negative
847,Sarah,No,-2.527,-0.926,-0.571,1.613,0.628,1.229,-0.687,-0.808,-0.354,0.625,positive
848,Sarah,No,-3.498,1.669,0.076,1.53,0.38,-0.135,-0.814,-0.208,-0.307,1.053,negative
849,Sarah,No,-2.851,1.412,-0.184,1.281,0,-0.146,-0.172,-0.419,-0.307,0.874,negative
850,Sarah,No,-2.026,2.433,-0.411,0.064,0.223,-0.027,-0.424,-0.009,-0.305,0.345,negative
851,Sarah,No,-2.46,3.706,-1.304,-0.339,-0.487,1.125,0.187,-0.211,-1.068,0.944,negative
852,Sarah,No,-2.879,2.662,-0.572,0.425,-0.248,0.213,0.176,-0.281,-0.404,0.605,negative
853,Sarah,No,-2.818,3.685,-1.413,-0.558,0.025,0.871,0.688,-0.144,-0.93,0.282,negative
854,Sarah,No,-3.396,3.867,-1.029,-0.603,-0.573,0.78,1.209,0.228,-0.673,-0.562,negative
855,Sarah,No,-3.905,3.147,-1.259,0.304,-0.216,1.055,0.578,0.353,-0.517,-0.871,negative
856,Sarah,No,-4.568,3.344,-0.005,-0.092,-0.546,0.479,-0.168,1.186,-0.565,-1.025,negative
857,Sarah,No,-3.35,2.713,-0.472,0.4,-0.196,0.248,-0.224,0.53,-0.358,-0.091,negative
858,Sue,No,-4.711,1.166,1.244,1.746,0.311,-0.305,-0.691,-0.137,-0.288,1.023,positive
859,Sue,No,-4.057,1.925,0.521,1.331,0.273,-0.167,-0.365,-0.665,-0.512,0.716,negative
860,Sue,No,-3.097,1.385,-0.173,1.392,-0.613,-0.143,-0.014,-0.565,-0.065,1.129,negative
861,Sue,No,-2.931,1.85,-0.896,0.685,-1,0.504,0.212,-0.276,-0.203,0.595,negative
862,Sue,No,-2.942,2.642,-1.217,0.384,-0.994,1.467,0.134,-0.458,-0.465,0.646,negative
863,Sue,No,-3.065,1.781,-0.915,0.698,0.175,0.662,-0.086,-0.361,-0.774,0.951,negative
864,Sue,No,-3.318,3.395,-1.706,0.753,-0.214,1.431,0,-0.192,-1.33,0.03,negative
865,Sue,No,-3.747,4.267,-1.847,-0.235,0.38,0.885,-0.049,-0.258,-0.772,-0.11,negative
866,Sue,No,-4.039,2.061,-0.727,0.888,0.302,0.413,-0.381,-0.194,-0.614,0.41,negative
867,Sue,No,-4.08,2.242,-0.28,1.876,0.72,-0.292,-0.537,-0.54,-0.663,0.238,negative
868,Sue,No,-3.483,2.628,-0.383,0.838,0.2,0.102,-0.162,-0.547,-0.791,1.018,negative
869,Sue,No,-4.689,1.015,1.312,1.802,0.313,-0.405,-0.663,0.106,-0.325,0.838,positive
870,Sue,No,-4.013,2.101,0.295,1.292,0.45,-0.024,-0.565,-0.588,-0.343,0.695,negative
871,Sue,No,-2.972,1.151,-0.293,1.609,-0.724,0.123,-0.087,-0.801,0.04,1.07,negative
872,Sue,No,-3.029,1.747,-0.899,0.674,-1.046,0.558,0.204,-0.155,-0.237,0.655,negative
873,Sue,No,-2.926,2.673,-1.242,0.396,-1.029,1.548,0.05,-0.592,-0.331,0.595,negative
874,Sue,No,-3.075,1.824,-0.905,0.727,0.155,0.608,-0.075,-0.377,-0.74,0.852,negative
875,Sue,No,-3.4,3.441,-1.805,0.814,-0.162,1.445,-0.11,-0.499,-1.201,-0.046,negative
876,Sue,No,-3.797,4.314,-1.596,-0.476,0.044,0.903,0.129,-0.141,-0.646,-0.318,negative
877,Sue,No,-4.083,2.193,-0.492,0.695,0.251,0.423,-0.558,-0.123,-0.53,0.376,negative
878,Sue,No,-4.045,2.377,-0.3,2.002,0.826,-0.18,-0.768,-0.408,-0.787,0.156,negative
879,Sue,No,-3.455,2.561,-0.421,0.847,0.33,0.057,-0.177,-0.494,-0.786,0.951,negative
880,Sue,No,-4.756,1.197,1.431,1.54,0.262,-0.277,-0.741,0.075,-0.26,0.876,positive
881,Sue,No,-3.999,2.138,0.295,1.086,0.699,-0.127,-0.634,-0.4,-0.505,0.856,negative
882,Sue,No,-2.964,1.154,-0.373,1.511,-0.583,0.152,-0.012,-0.949,-0.054,1.16,negative
883,Sue,No,-3.053,1.518,-0.729,0.828,-1.211,0.499,0.326,-0.136,-0.263,0.75,negative
884,Sue,No,-2.967,2.781,-1.277,0.354,-0.936,1.505,-0.004,-0.418,-0.56,0.725,negative
885,Sue,No,-3.206,1.899,-0.933,0.733,0.261,0.565,-0.225,-0.339,-0.677,0.765,negative
886,Sue,No,-3.492,3.446,-1.734,0.705,-0.23,1.339,0.092,-0.698,-1.143,-0.05,negative
887,Sue,No,-3.847,4.268,-1.521,-0.465,-0.23,1.067,-0.02,0.005,-0.577,-0.509,negative
888,Sue,No,-4.052,2.335,-0.415,0.732,0.234,0.426,-0.49,-0.218,-0.618,0.34,negative
889,Sue,No,-4.001,2.284,-0.365,2.106,1.006,-0.028,-0.825,-0.39,-0.898,0.099,negative
890,Sue,No,-3.446,2.44,-0.37,0.926,0.194,0.141,-0.098,-0.557,-0.889,0.985,negative
891,Sue,No,-4.763,1.305,1.231,1.548,0.308,-0.152,-0.792,-0.124,-0.107,0.885,positive
892,Sue,No,-3.99,2.008,0.503,0.845,0.774,-0.114,-0.641,-0.282,-0.734,0.877,negative
893,Sue,No,-2.965,1.124,-0.349,1.581,-0.666,0.125,-0.025,-0.887,-0.13,1.11,negative
894,Sue,No,-3.055,1.4,-0.686,0.964,-1.29,0.545,0.337,-0.299,-0.173,0.69,negative
895,Sue,No,-2.964,2.811,-1.317,0.324,-0.781,1.369,0.127,-0.368,-0.677,0.493,negative
896,Sue,No,-3.371,2.007,-0.919,0.843,0.221,0.541,-0.317,-0.37,-0.5,0.652,negative
897,Sue,No,-3.554,3.386,-1.703,0.555,-0.072,1.073,0.237,-0.625,-1.067,-0.176,negative
898,Sue,No,-3.852,4.214,-1.556,-0.336,-0.305,1.133,-0.152,0.237,-0.915,-0.445,negative
899,Sue,No,-3.963,2.272,-0.534,0.977,0.329,0.514,-0.363,-0.425,-0.712,0.41,negative
900,Sue,No,-3.985,2.192,-0.426,2.163,1.114,0.016,-0.846,-0.468,-0.858,0.037,negative
901,Sue,No,-3.51,2.535,-0.26,0.946,-0.072,0.159,-0.112,-0.657,-0.789,0.914,negative
902,Sue,No,-4.754,1.329,1.09,1.765,0.217,-0.198,-0.782,-0.154,0.023,0.85,positive
903,Sue,No,-3.966,2.003,0.391,1.034,0.659,-0.191,-0.448,-0.397,-0.769,0.969,negative
904,Sue,No,-2.959,1.061,-0.351,1.745,-0.851,0.344,-0.373,-0.729,0.048,0.815,negative
905,Sue,No,-3.194,1.589,-0.774,0.814,-1.087,0.618,0.218,-0.45,-0.003,0.526,negative
906,Sue,No,-2.928,2.83,-1.361,0.323,-0.739,1.431,0.002,-0.172,-0.939,0.607,negative
907,Sue,No,-3.456,2.027,-0.862,0.887,0.281,0.435,-0.307,-0.387,-0.6,0.725,negative
908,Sue,No,-3.52,3.318,-1.867,0.691,0.263,0.822,0.14,-0.62,-1.098,0.083,negative
909,Sue,No,-3.838,4.252,-1.621,-0.219,-0.281,0.856,0.154,0.133,-0.92,-0.454,negative
910,Sue,No,-3.857,2.133,-0.58,0.996,0.502,0.65,-0.283,-0.468,-0.983,0.613,negative
911,Sue,No,-4.062,2.358,-0.31,1.895,1.095,0.049,-0.87,-0.524,-0.98,-0.065,negative
912,Sue,No,-3.591,2.78,-0.301,0.812,-0.008,-0.019,-0.268,-0.564,-0.788,0.948,negative
913,Sue,No,-4.687,1.152,1.089,1.915,0.201,-0.296,-0.692,-0.105,-0.143,0.884,positive
914,Sue,No,-3.917,1.925,0.267,1.361,0.453,-0.19,-0.242,-0.633,-0.62,1.039,negative
915,Sue,No,-3.004,1.09,-0.328,1.652,-0.679,0.287,-0.297,-0.695,-0.145,0.71,negative
916,Sue,No,-3.341,1.714,-0.773,0.771,-0.976,0.625,0.078,-0.438,-0.084,0.607,negative
917,Sue,No,-2.902,2.796,-1.199,0.234,-0.821,1.257,0.263,-0.075,-1.103,0.417,negative
918,Sue,No,-3.567,2.081,-0.579,0.845,0.126,0.381,-0.179,-0.51,-0.846,0.987,negative
919,Sue,No,-3.57,3.41,-1.576,0.563,0.002,0.759,0.285,-0.466,-1.409,0.586,negative
920,Sue,No,-3.792,4.29,-1.531,-0.125,-0.312,0.624,0.324,-0.053,-0.942,-0.301,negative
921,Sue,No,-3.862,2.109,-0.65,0.99,0.724,0.641,-0.293,-0.519,-1.055,0.653,negative
922,Sue,No,-4.118,2.542,-0.2,1.616,1.106,-0.06,-0.728,-0.544,-0.912,-0.101,negative
923,Sue,No,-3.636,2.719,-0.178,0.665,0.099,-0.084,-0.333,-0.362,-1.049,0.978,negative
924,Wendy,No,-4.047,0.913,0.734,1.479,0.258,0.206,-1.117,-0.423,-0.336,0.982,positive
925,Wendy,No,-3.811,2.123,0.278,1.552,0.754,0.492,-0.584,-0.433,-0.988,0.652,negative
926,Wendy,No,-3.441,1.975,-0.395,1.024,-0.052,-0.167,-0.445,0.168,-0.684,1.04,negative
927,Wendy,No,-2.584,2.091,-1.451,0.889,-0.464,0.285,-0.213,-0.245,-0.138,1.206,negative
928,Wendy,No,-3.119,3.135,-1.466,-0.352,-0.023,0.752,0.143,-0.231,-0.376,0.721,negative
929,Wendy,No,-2.871,3.13,-1.3,0.008,-0.288,0.483,0.258,-0.342,-0.614,0.83,negative
930,Wendy,No,-3.059,2.895,-0.847,-0.364,-0.484,1.025,0.502,0.506,-0.733,0.078,negative
931,Wendy,No,-3.642,3.582,-1.031,-0.761,0.046,1.255,0.841,0.512,-0.259,-0.447,negative
932,Wendy,No,-3.977,2.976,0.309,-0.259,0.026,0.816,-0.317,0.492,-0.674,-0.659,negative
933,Wendy,No,-4.008,2.141,-0.18,1.041,0.688,0.712,-0.879,-0.201,-1.066,-0.549,negative
934,Wendy,No,-3.451,2.257,-0.845,0.432,0.486,0.266,-0.215,0.006,-1.082,0.759,negative
935,Wendy,No,-3.836,0.508,0.645,1.721,0.28,0.303,-0.911,-0.592,-0.631,1.023,positive
936,Wendy,No,-3.709,1.665,0.138,1.551,0.975,0.923,-0.396,-0.234,-1.154,0.736,negative
937,Wendy,No,-3.369,1.784,-0.603,1.303,0.007,-0.044,-0.459,-0.012,-0.591,1.047,negative
938,Wendy,No,-2.627,2.089,-1.434,0.937,-0.615,0.43,-0.311,-0.203,0.038,0.933,negative
939,Wendy,No,-3.074,3.062,-1.47,-0.379,0.233,0.789,-0.099,-0.135,-0.395,0.572,negative
940,Wendy,No,-2.902,2.988,-1.152,0.057,-0.477,0.622,0.338,-0.368,-0.689,0.793,negative
941,Wendy,No,-3.027,2.903,-0.799,-0.452,-0.503,1.044,0.679,0.483,-0.776,-0.062,negative
942,Wendy,No,-3.634,3.589,-1.075,-0.709,0.058,1.051,0.878,0.627,-0.111,-0.437,negative
943,Wendy,No,-3.924,2.726,0.414,-0.155,-0.02,0.893,-0.188,0.552,-0.507,-0.617,negative
944,Wendy,No,-4.049,2.223,-0.076,0.928,0.692,0.731,-0.931,-0.141,-1.087,-0.584,negative
945,Wendy,No,-3.432,2.235,-0.753,0.361,0.435,0.425,-0.193,0.012,-1.166,0.794,negative
946,Wendy,No,-3.661,0.3,0.53,1.816,0.333,0.444,-0.858,-0.732,-0.809,0.995,positive
947,Wendy,No,-3.674,1.513,0.038,1.604,0.907,1.045,-0.166,-0.295,-1.13,0.594,negative
948,Wendy,No,-3.242,1.615,-0.829,1.589,0.09,0.051,-0.504,-0.211,-0.513,1.005,negative
949,Wendy,No,-2.634,2.076,-1.32,0.833,-0.547,0.287,-0.173,-0.203,-0.001,0.802,negative
950,Wendy,No,-3.052,3.059,-1.668,-0.208,0.466,0.724,-0.237,-0.175,-0.315,0.411,negative
951,Wendy,No,-2.918,2.897,-1.069,-0.077,-0.261,0.55,0.317,-0.322,-0.776,0.79,negative
952,Wendy,No,-3.048,2.817,-0.703,-0.396,-0.639,0.92,0.674,0.686,-0.611,-0.053,negative
953,Wendy,No,-3.66,3.618,-1.051,-0.748,0.08,1.022,0.914,0.613,0.023,-0.448,negative
954,Wendy,No,-3.919,2.575,0.471,-0.064,-0.042,0.88,-0.128,0.612,-0.504,-0.539,negative
955,Wendy,No,-4.094,2.499,-0.149,1.017,0.683,0.536,-1.023,-0.127,-1.142,-0.421,negative
956,Wendy,No,-3.396,2.257,-0.602,0.407,0.204,0.366,0.067,0.044,-1.352,0.871,negative
957,Wendy,No,-3.572,0.228,0.52,1.791,0.382,0.573,-0.961,-0.74,-0.936,1.007,positive
958,Wendy,No,-3.584,1.252,-0.062,1.646,0.787,1.134,0.096,-0.292,-1.133,0.472,negative
959,Wendy,No,-3.232,1.551,-0.832,1.674,-0.042,0.296,-0.553,-0.443,-0.413,0.96,negative
960,Wendy,No,-2.643,2.021,-1.265,0.759,-0.442,0.159,-0.032,-0.145,-0.164,0.86,negative
961,Wendy,No,-3.05,3.055,-1.598,-0.12,0.144,0.757,0.119,-0.397,-0.396,0.477,negative
962,Wendy,No,-2.938,2.782,-1.111,-0.076,0,0.582,0.252,-0.4,-0.773,0.838,negative
963,Wendy,No,-3.095,2.851,-0.816,-0.396,-0.603,1.09,0.567,0.743,-0.677,0.052,negative
964,Wendy,No,-3.706,3.627,-0.889,-0.789,-0.093,1.223,0.814,0.563,0.062,-0.449,negative
965,Wendy,No,-3.946,2.545,0.447,-0.001,0.043,0.788,-0.102,0.68,-0.637,-0.545,negative
966,Wendy,No,-4.145,2.739,-0.115,0.907,0.669,0.478,-1.183,-0.24,-0.887,-0.365,negative
967,Wendy,No,-3.325,2.141,-0.528,0.439,0.099,0.321,0.217,0.135,-1.388,0.746,negative
968,Wendy,No,-3.461,0.04,0.553,1.854,0.386,0.568,-1.003,-0.638,-1.04,1.051,positive
969,Wendy,No,-3.546,1.064,-0.006,1.455,0.847,1.117,0.073,-0.025,-1.318,0.557,negative
970,Wendy,No,-3.32,1.553,-0.586,1.688,-0.262,0.392,-0.478,-0.461,-0.522,0.929,negative
971,Wendy,No,-2.71,1.943,-1.247,0.772,-0.345,0.107,-0.062,0.04,-0.322,1.018,negative
972,Wendy,No,-3.018,3.014,-1.486,-0.105,-0.131,0.929,0.226,-0.463,-0.555,0.598,negative
973,Wendy,No,-2.904,2.741,-1.123,0.014,0.071,0.654,0.212,-0.454,-0.815,0.752,negative
974,Wendy,No,-3.176,2.997,-1.098,-0.371,-0.418,1.318,0.48,0.472,-0.814,0.106,negative
975,Wendy,No,-3.743,3.629,-0.874,-0.79,-0.312,1.759,0.679,0.565,-0.521,-0.485,negative
976,Wendy,No,-3.952,2.489,0.287,0.012,0.141,0.892,-0.087,0.613,-0.685,-0.623,negative
977,Wendy,No,-4.211,2.811,0.016,0.799,0.514,0.496,-1.219,-0.238,-0.798,-0.392,negative
978,Wendy,No,-3.309,2.256,-0.615,0.365,0.251,0.439,0.011,0.119,-1.219,0.695,negative
979,Wendy,No,-3.5,0.068,0.533,1.876,0.363,0.542,-0.982,-0.671,-1.006,1.101,positive
980,Wendy,No,-3.62,1.066,0.158,1.393,0.879,1.02,-0.09,0.087,-1.333,0.585,negative
981,Wendy,No,-3.468,1.81,-0.39,1.55,-0.084,-0.008,-0.482,-0.231,-0.724,0.967,negative
982,Wendy,No,-2.795,1.957,-1.259,0.79,-0.274,0.078,-0.114,0.005,-0.309,1.142,negative
983,Wendy,No,-3.002,2.944,-1.379,-0.188,-0.131,0.957,0.346,-0.392,-0.711,0.617,negative
984,Wendy,No,-2.924,2.731,-1.138,0.066,0.1,0.683,0.162,-0.399,-0.882,0.827,negative
985,Wendy,No,-3.239,3.083,-1.427,-0.202,-0.282,1.421,0.576,0.068,-0.914,0.147,negative
986,Wendy,No,-3.753,3.605,-0.899,-0.747,-0.401,1.765,0.62,0.754,-0.835,-0.301,negative
987,Wendy,No,-3.98,2.459,0.068,0.023,0.237,1.029,-0.189,0.521,-0.773,-0.5,negative
988,Wendy,No,-4.264,2.925,0.065,0.794,0.323,0.515,-1.282,-0.14,-0.863,-0.39,negative
