"","V1","V2","V3","V4","V5","V6","V7","V8","V9","V10","V11","y"
"1",11.2,0.28,0.56,1.9,0.075,17,60,0.998,3.16,0.58,9.8,-1
"2",7.9,0.32,0.51,1.8,0.341,17,56,0.9969,3.04,1.08,9.2,-1
"3",8.9,0.22,0.48,1.8,0.077,29,60,0.9968,3.39,0.53,9.4,-1
"4",6.9,0.4,0.14,2.4,0.085,21,40,0.9968,3.43,0.63,9.7,-1
"5",7.8,0.645,0,2,0.082,8,16,0.9964,3.38,0.59,9.8,-1
"6",6.9,0.685,0,2.5,0.105,22,37,0.9966,3.46,0.57,10.6,-1
"7",6.9,0.605,0.12,10.7,0.073,40,83,0.9993,3.45,0.52,9.4,-1
"8",7.8,0.645,0,5.5,0.086,5,18,0.9986,3.4,0.55,9.6,-1
"9",7.8,0.6,0.14,2.4,0.086,3,15,0.9975,3.42,0.6,10.8,-1
"10",7.5,0.49,0.2,2.6,0.332,8,14,0.9968,3.21,0.9,10.5,-1
"11",6.6,0.52,0.04,2.2,0.069,8,15,0.9956,3.4,0.63,9.4,-1
"12",6.6,0.5,0.04,2.1,0.068,6,14,0.9955,3.39,0.64,9.4,-1
"13",7.6,0.51,0.15,2.8,0.11,33,73,0.9955,3.17,0.63,10.2,-1
"14",7.3,0.39,0.31,2.4,0.074,9,46,0.9962,3.41,0.54,9.4,-1
"15",8,0.705,0.05,1.9,0.074,8,19,0.9962,3.34,0.95,10.5,-1
"16",7.7,0.63,0.08,1.9,0.076,15,27,0.9967,3.32,0.54,9.5,-1
"17",6.8,0.785,0,2.4,0.104,14,30,0.9966,3.52,0.55,10.7,-1
"18",6.3,0.3,0.48,1.8,0.069,18,61,0.9959,3.44,0.78,10.3,-1
"19",8.6,0.49,0.28,1.9,0.11,20,136,0.9972,2.93,1.95,9.9,-1
"20",8.6,0.49,0.28,1.9,0.11,20,136,0.9972,2.93,1.95,9.9,-1
"21",4.7,0.6,0.17,2.3,0.058,17,106,0.9932,3.85,0.6,12.9,-1
"22",8.1,0.545,0.18,1.9,0.08,13,35,0.9972,3.3,0.59,9,-1
"23",8.3,0.61,0.3,2.1,0.084,11,50,0.9972,3.4,0.61,10.2,-1
"24",7.8,0.5,0.3,1.9,0.075,8,22,0.9959,3.31,0.56,10.4,-1
"25",8.1,0.545,0.18,1.9,0.08,13,35,0.9972,3.3,0.59,9,-1
"26",8,0.33,0.53,2.5,0.091,18,80,0.9976,3.37,0.8,9.6,-1
"27",10.1,0.31,0.44,2.3,0.08,22,46,0.9988,3.32,0.67,9.7,-1
"28",9.4,0.4,0.31,2.2,0.09,13,62,0.9966,3.07,0.63,10.5,-1
"29",8.3,0.54,0.28,1.9,0.077,11,40,0.9978,3.39,0.61,10,-1
"30",7.8,0.56,0.12,2,0.082,7,28,0.997,3.37,0.5,9.4,-1
"31",8.8,0.55,0.04,2.2,0.119,14,56,0.9962,3.21,0.6,10.9,-1
"32",7,0.69,0.08,1.8,0.097,22,89,0.9959,3.34,0.54,9.2,-1
"33",8.8,0.55,0.04,2.2,0.119,14,56,0.9962,3.21,0.6,10.9,-1
"34",6.6,0.5,0.01,1.5,0.06,17,26,0.9952,3.4,0.58,9.8,-1
"35",7.9,1.04,0.05,2.2,0.084,13,29,0.9959,3.22,0.55,9.9,-1
"36",5.2,0.34,0,1.8,0.05,27,63,0.9916,3.68,0.79,14,-1
"37",5.2,0.34,0,1.8,0.05,27,63,0.9916,3.68,0.79,14,-1
"38",6.9,0.49,0.1,2.3,0.074,12,30,0.9959,3.42,0.58,10.2,-1
"39",8.2,0.4,0.44,2.8,0.089,11,43,0.9975,3.53,0.61,10.5,-1
"40",7.3,0.33,0.47,2.1,0.077,5,11,0.9958,3.33,0.53,10.3,-1
"41",6.8,0.6,0.18,1.9,0.079,18,86,0.9968,3.59,0.57,9.3,-1
"42",7.8,0.53,0.04,1.7,0.076,17,31,0.9964,3.33,0.56,10,-1
"43",6.8,0.63,0.07,2.1,0.089,11,44,0.9953,3.47,0.55,10.4,-1
"44",8,0.42,0.17,2,0.073,6,18,0.9972,3.29,0.61,9.2,-1
"45",8,0.42,0.17,2,0.073,6,18,0.9972,3.29,0.61,9.2,-1
"46",7.4,0.62,0.05,1.9,0.068,24,42,0.9961,3.42,0.57,11.5,-1
"47",7.5,0.52,0.42,2.3,0.087,8,38,0.9972,3.58,0.61,10.5,-1
"48",6.7,0.62,0.21,1.9,0.079,8,62,0.997,3.52,0.58,9.3,-1
"49",6.4,0.37,0.25,1.9,0.074,21,49,0.9974,3.57,0.62,9.8,-1
"50",11.5,0.3,0.6,2,0.067,12,27,0.9981,3.11,0.97,10.1,-1
"51",7,0.43,0.36,1.6,0.089,14,37,0.99615,3.34,0.56,9.2,-1
"52",9.7,0.53,0.6,2,0.039,5,19,0.99585,3.3,0.86,12.4,-1
"53",8,0.725,0.24,2.8,0.083,10,62,0.99685,3.35,0.56,10,-1
"54",11.6,0.44,0.64,2.1,0.059,5,15,0.998,3.21,0.67,10.2,-1
"55",7.8,0.735,0.08,2.4,0.092,10,41,0.9974,3.24,0.71,9.8,-1
"56",7.8,0.34,0.37,2,0.082,24,58,0.9964,3.34,0.59,9.4,-1
"57",8.6,0.645,0.25,2,0.083,8,28,0.99815,3.28,0.6,10,-1
"58",7.7,0.43,0.25,2.6,0.073,29,63,0.99615,3.37,0.58,10.5,-1
"59",8.9,0.59,0.5,2,0.337,27,81,0.9964,3.04,1.61,9.5,-1
"60",7.7,0.43,0.25,2.6,0.073,29,63,0.99615,3.37,0.58,10.5,-1
"61",8,0.38,0.06,1.8,0.078,12,49,0.99625,3.37,0.52,9.9,-1
"62",8.5,0.37,0.2,2.8,0.09,18,58,0.998,3.34,0.7,9.6,-1
"63",8.2,1,0.09,2.3,0.065,7,37,0.99685,3.32,0.55,9,-1
"64",7.2,0.63,0,1.9,0.097,14,38,0.99675,3.37,0.58,9,-1
"65",7.2,0.63,0,1.9,0.097,14,38,0.99675,3.37,0.58,9,-1
"66",7.2,0.645,0,1.9,0.097,15,39,0.99675,3.37,0.58,9.2,-1
"67",7.2,0.63,0,1.9,0.097,14,38,0.99675,3.37,0.58,9,-1
"68",8.2,1,0.09,2.3,0.065,7,37,0.99685,3.32,0.55,9,-1
"69",12,0.38,0.56,2.1,0.093,6,24,0.99925,3.14,0.71,10.9,-1
"70",7.7,0.58,0.1,1.8,0.102,28,109,0.99565,3.08,0.49,9.8,-1
"71",7.3,0.66,0,2,0.084,6,23,0.9983,3.61,0.96,9.9,-1
"72",7.7,0.53,0.06,1.7,0.074,9,39,0.99615,3.35,0.48,9.8,-1
"73",7.3,0.66,0,2,0.084,6,23,0.9983,3.61,0.96,9.9,-1
"74",10.8,0.32,0.44,1.6,0.063,16,37,0.9985,3.22,0.78,10,-1
"75",7.1,0.6,0,1.8,0.074,16,34,0.9972,3.47,0.7,9.9,-1
"76",7.1,0.6,0,1.8,0.074,16,34,0.9972,3.47,0.7,9.9,-1
"77",7.9,0.35,0.46,3.6,0.078,15,37,0.9973,3.35,0.86,12.8,1
"78",6.9,0.54,0.04,3,0.077,7,27,0.9987,3.69,0.91,9.4,-1
"79",11.5,0.18,0.51,4,0.104,4,23,0.9996,3.28,0.97,10.1,-1
"80",7.9,0.545,0.06,4,0.087,27,61,0.9965,3.36,0.67,10.7,-1
"81",11.5,0.18,0.51,4,0.104,4,23,0.9996,3.28,0.97,10.1,-1
"82",7.9,0.545,0.06,4,0.087,27,61,0.9965,3.36,0.67,10.7,-1
"83",6.9,0.54,0.04,3,0.077,7,27,0.9987,3.69,0.91,9.4,-1
"84",11.5,0.18,0.51,4,0.104,4,23,0.9996,3.28,0.97,10.1,-1
"85",10.3,0.32,0.45,6.4,0.073,5,13,0.9976,3.23,0.82,12.6,1
"86",11.4,0.26,0.44,3.6,0.071,6,19,0.9986,3.12,0.82,9.3,-1
"87",12,0.45,0.55,2,0.073,25,49,0.9997,3.1,0.76,10.3,-1
"88",7.5,0.4,0.12,3,0.092,29,53,0.9967,3.37,0.7,10.3,-1
"89",10.4,0.55,0.23,2.7,0.091,18,48,0.9994,3.22,0.64,10.3,-1
"90",6.9,0.36,0.25,2.4,0.098,5,16,0.9964,3.41,0.6,10.1,-1
"91",13.3,0.34,0.52,3.2,0.094,17,53,1.0014,3.05,0.81,9.5,-1
"92",7.5,0.53,0.06,2.6,0.086,20,44,0.9965,3.38,0.59,10.7,-1
"93",11.1,0.18,0.48,1.5,0.068,7,15,0.9973,3.22,0.64,10.1,-1
"94",10.3,0.53,0.48,2.5,0.063,6,25,0.9998,3.12,0.59,9.3,-1
"95",10.3,0.41,0.42,2.4,0.213,6,14,0.9994,3.19,0.62,9.5,-1
"96",10.3,0.43,0.44,2.4,0.214,5,12,0.9994,3.19,0.63,9.5,-1
"97",7.4,0.29,0.38,1.7,0.062,9,30,0.9968,3.41,0.53,9.5,-1
"98",10.3,0.53,0.48,2.5,0.063,6,25,0.9998,3.12,0.59,9.3,-1
"99",7.9,0.53,0.24,2,0.072,15,105,0.996,3.27,0.54,9.4,-1
"100",9,0.46,0.31,2.8,0.093,19,98,0.99815,3.32,0.63,9.5,-1
"101",7.1,0.35,0.29,2.5,0.096,20,53,0.9962,3.42,0.65,11,-1
"102",9.6,0.77,0.12,2.9,0.082,30,74,0.99865,3.3,0.64,10.4,-1
"103",9.6,0.77,0.12,2.9,0.082,30,74,0.99865,3.3,0.64,10.4,-1
"104",10.3,0.59,0.42,2.8,0.09,35,73,0.999,3.28,0.7,9.5,-1
"105",10,0.49,0.2,11,0.071,13,50,1.0015,3.16,0.69,9.2,-1
"106",10,0.49,0.2,11,0.071,13,50,1.0015,3.16,0.69,9.2,-1
"107",13.4,0.27,0.62,2.6,0.082,6,21,1.0002,3.16,0.67,9.7,-1
"108",10.2,0.36,0.64,2.9,0.122,10,41,0.998,3.23,0.66,12.5,-1
"109",10.2,0.36,0.64,2.9,0.122,10,41,0.998,3.23,0.66,12.5,-1
"110",8,0.58,0.28,3.2,0.066,21,114,0.9973,3.22,0.54,9.4,-1
"111",8.9,0.43,0.45,1.9,0.052,6,16,0.9948,3.35,0.7,12.5,-1
"112",12.4,0.49,0.58,3,0.103,28,99,1.0008,3.16,1,11.5,-1
"113",12.2,0.34,0.5,2.4,0.066,10,21,1,3.12,1.18,9.2,-1
"114",10.6,0.42,0.48,2.7,0.065,5,18,0.9972,3.21,0.87,11.3,-1
"115",10.9,0.39,0.47,1.8,0.118,6,14,0.9982,3.3,0.75,9.8,-1
"116",10.9,0.39,0.47,1.8,0.118,6,14,0.9982,3.3,0.75,9.8,-1
"117",11.9,0.57,0.5,2.6,0.082,6,32,1.0006,3.12,0.78,10.7,-1
"118",13.8,0.49,0.67,3,0.093,6,15,0.9986,3.02,0.93,12,-1
"119",9.6,0.56,0.31,2.8,0.089,15,46,0.9979,3.11,0.92,10,-1
"120",9.1,0.785,0,2.6,0.093,11,28,0.9994,3.36,0.86,9.4,-1
"121",10.7,0.67,0.22,2.7,0.107,17,34,1.0004,3.28,0.98,9.9,-1
"122",9.1,0.795,0,2.6,0.096,11,26,0.9994,3.35,0.83,9.4,-1
"123",6.1,0.21,0.4,1.4,0.066,40.5,165,0.9912,3.25,0.59,11.9,-1
"124",6.7,0.75,0.01,2.4,0.078,17,32,0.9955,3.55,0.61,12.8,-1
"125",12.6,0.38,0.66,2.6,0.088,10,41,1.001,3.17,0.68,9.8,-1
"126",8.6,0.45,0.31,2.6,0.086,21,50,0.9982,3.37,0.91,9.9,-1
"127",10,0.42,0.5,3.4,0.107,7,21,0.9979,3.26,0.93,11.8,-1
"128",7.9,0.24,0.4,1.6,0.056,11,25,0.9967,3.32,0.87,8.7,-1
"129",9.1,0.28,0.48,1.8,0.067,26,46,0.9967,3.32,1.04,10.6,-1
"130",14,0.41,0.63,3.8,0.089,6,47,1.0014,3.01,0.81,10.8,-1
"131",11.5,0.45,0.5,3,0.078,19,47,1.0003,3.26,1.11,11,-1
"132",11.4,0.625,0.66,6.2,0.088,6,24,0.9988,3.11,0.99,13.3,-1
"133",8.3,0.42,0.38,2.5,0.094,24,60,0.9979,3.31,0.7,10.8,-1
"134",8.3,0.26,0.42,2,0.08,11,27,0.9974,3.21,0.8,9.4,-1
"135",13.7,0.415,0.68,2.9,0.085,17,43,1.0014,3.06,0.8,10,-1
"136",8.3,0.26,0.42,2,0.08,11,27,0.9974,3.21,0.8,9.4,-1
"137",8.3,0.26,0.42,2,0.08,11,27,0.9974,3.21,0.8,9.4,-1
"138",7.4,0.63,0.07,2.4,0.09,11,37,0.9979,3.43,0.76,9.7,-1
"139",7.8,0.54,0.26,2,0.088,23,48,0.9981,3.41,0.74,9.2,-1
"140",8.3,0.66,0.15,1.9,0.079,17,42,0.9972,3.31,0.54,9.6,-1
"141",7.8,0.46,0.26,1.9,0.088,23,53,0.9981,3.43,0.74,9.2,-1
"142",5.6,0.85,0.05,1.4,0.045,12,88,0.9924,3.56,0.82,12.9,1
"143",13.7,0.415,0.68,2.9,0.085,17,43,1.0014,3.06,0.8,10,-1
"144",11.5,0.59,0.59,2.6,0.087,13,49,0.9988,3.18,0.65,11,-1
"145",11.5,0.59,0.59,2.6,0.087,13,49,0.9988,3.18,0.65,11,-1
"146",7.7,0.26,0.3,1.7,0.059,20,38,0.9949,3.29,0.47,10.8,-1
"147",12.2,0.48,0.54,2.6,0.085,19,64,1,3.1,0.61,10.5,-1
"148",11.4,0.6,0.49,2.7,0.085,10,41,0.9994,3.15,0.63,10.5,-1
"149",8.7,0.31,0.46,1.4,0.059,11,25,0.9966,3.36,0.76,10.1,-1
"150",9.8,0.44,0.47,2.5,0.063,9,28,0.9981,3.24,0.65,10.8,-1
"151",10.4,0.34,0.58,3.7,0.174,6,16,0.997,3.19,0.7,11.3,-1
"152",9,0.43,0.34,2.5,0.08,26,86,0.9987,3.38,0.62,9.5,-1
"153",10.6,0.48,0.64,2.2,0.111,6,20,0.997,3.26,0.66,11.7,-1
"154",11.9,0.38,0.51,2,0.121,7,20,0.9996,3.24,0.76,10.4,-1
"155",6.4,0.67,0.08,2.1,0.045,19,48,0.9949,3.49,0.49,11.4,-1
"156",9.5,0.78,0.22,1.9,0.077,6,32,0.9988,3.26,0.56,10.6,-1
"157",12.8,0.84,0.63,2.4,0.088,13,35,0.9997,3.1,0.6,10.4,-1
"158",11.9,0.37,0.69,2.3,0.078,12,24,0.9958,3,0.65,12.8,-1
"159",10.4,0.41,0.55,3.2,0.076,22,54,0.9996,3.15,0.89,9.9,-1
"160",8,0.67,0.3,2,0.06,38,62,0.9958,3.26,0.56,10.2,-1
"161",11.1,0.45,0.73,3.2,0.066,6,22,0.9986,3.17,0.66,11.2,-1
"162",10.4,0.41,0.55,3.2,0.076,22,54,0.9996,3.15,0.89,9.9,-1
"163",12.6,0.31,0.72,2.2,0.072,6,29,0.9987,2.88,0.82,9.8,1
"164",11.9,0.4,0.65,2.15,0.068,7,27,0.9988,3.06,0.68,11.3,-1
"165",9.5,0.735,0.1,2.1,0.079,6,31,0.9986,3.23,0.56,10.1,-1
"166",8.6,0.53,0.22,2,0.1,7,27,0.9967,3.2,0.56,10.2,-1
"167",11.9,0.39,0.69,2.8,0.095,17,35,0.9994,3.1,0.61,10.8,-1
"168",11.9,0.39,0.69,2.8,0.095,17,35,0.9994,3.1,0.61,10.8,-1
"169",8.4,0.37,0.53,1.8,0.413,9,26,0.9979,3.06,1.06,9.1,-1
"170",6.8,0.56,0.03,1.7,0.084,18,35,0.9968,3.44,0.63,10,-1
"171",11.3,0.62,0.67,5.2,0.086,6,19,0.9988,3.22,0.69,13.4,1
"172",9.2,0.43,0.52,2.3,0.083,14,23,0.9976,3.35,0.61,11.3,-1
"173",11.5,0.315,0.54,2.1,0.084,5,15,0.9987,2.98,0.7,9.2,-1
"174",10.3,0.5,0.42,2,0.069,21,51,0.9982,3.16,0.72,11.5,-1
"175",8.8,0.46,0.45,2.6,0.065,7,18,0.9947,3.32,0.79,14,-1
"176",11.4,0.36,0.69,2.1,0.09,6,21,1,3.17,0.62,9.2,-1
"177",9.6,0.54,0.42,2.4,0.081,25,52,0.997,3.2,0.71,11.4,-1
"178",12.5,0.37,0.55,2.6,0.083,25,68,0.9995,3.15,0.82,10.4,-1
"179",10.5,0.28,0.51,1.7,0.08,10,24,0.9982,3.2,0.89,9.4,-1
"180",10.4,0.24,0.49,1.8,0.075,6,20,0.9977,3.18,1.06,11,-1
"181",9.4,0.685,0.11,2.7,0.077,6,31,0.9984,3.19,0.7,10.1,-1
"182",9.4,0.3,0.56,2.8,0.08,6,17,0.9964,3.15,0.92,11.7,1
"183",10.6,0.44,0.68,4.1,0.114,6,24,0.997,3.06,0.66,13.4,-1
"184",10.2,0.645,0.36,1.8,0.053,5,14,0.9982,3.17,0.42,10,-1
"185",9.3,0.39,0.4,2.6,0.073,10,26,0.9984,3.34,0.75,10.2,-1
"186",9.3,0.775,0.27,2.8,0.078,24,56,0.9984,3.31,0.67,10.6,-1
"187",8.7,0.69,0.31,3,0.086,23,81,1.0002,3.48,0.74,11.6,-1
"188",6.5,0.39,0.23,8.3,0.051,28,91,0.9952,3.44,0.55,12.1,-1
"189",10.7,0.35,0.53,2.6,0.07,5,16,0.9972,3.15,0.65,11,1
"190",7.8,0.52,0.25,1.9,0.081,14,38,0.9984,3.43,0.65,9,-1
"191",10.7,0.35,0.53,2.6,0.07,5,16,0.9972,3.15,0.65,11,1
"192",8.7,0.69,0.31,3,0.086,23,81,1.0002,3.48,0.74,11.6,-1
"193",7.8,0.52,0.25,1.9,0.081,14,38,0.9984,3.43,0.65,9,-1
"194",11.2,0.67,0.55,2.3,0.084,6,13,1,3.17,0.71,9.5,-1
"195",10,0.59,0.31,2.2,0.09,26,62,0.9994,3.18,0.63,10.2,-1
"196",10,0.59,0.31,2.2,0.09,26,62,0.9994,3.18,0.63,10.2,-1
"197",10.7,0.4,0.48,2.1,0.125,15,49,0.998,3.03,0.81,9.7,-1
"198",12.5,0.6,0.49,4.3,0.1,5,14,1.001,3.25,0.74,11.9,-1
"199",10.9,0.21,0.49,2.8,0.088,11,32,0.9972,3.22,0.68,11.7,-1
"200",9.8,0.25,0.49,2.7,0.088,15,33,0.9982,3.42,0.9,10,-1
"201",7,0.38,0.49,2.5,0.097,33,85,0.9962,3.39,0.77,11.4,-1
"202",8.2,0.42,0.49,2.6,0.084,32,55,0.9988,3.34,0.75,8.7,-1
"203",9.1,0.22,0.24,2.1,0.078,1,28,0.999,3.41,0.87,10.3,-1
"204",10.3,0.27,0.24,2.1,0.072,15,33,0.9956,3.22,0.66,12.8,-1
"205",10,0.48,0.24,2.7,0.102,13,32,1,3.28,0.56,10,-1
"206",9.1,0.22,0.24,2.1,0.078,1,28,0.999,3.41,0.87,10.3,-1
"207",8.1,0.825,0.24,2.1,0.084,5,13,0.9972,3.37,0.77,10.7,-1
"208",9.5,0.46,0.49,6.3,0.064,5,17,0.9988,3.21,0.73,11,-1
"209",11.2,0.66,0.24,2.5,0.085,16,53,0.9993,3.06,0.72,11,-1
"210",14.3,0.31,0.74,1.8,0.075,6,15,1.0008,2.86,0.79,8.4,-1
"211",7.5,0.55,0.24,2,0.078,10,28,0.9983,3.45,0.78,9.5,-1
"212",10.6,0.31,0.49,2.5,0.067,6,21,0.9987,3.26,0.86,10.7,-1
"213",12.4,0.35,0.49,2.6,0.079,27,69,0.9994,3.12,0.75,10.4,-1
"214",9,0.53,0.49,1.9,0.171,6,25,0.9975,3.27,0.61,9.4,-1
"215",6.8,0.51,0.01,2.1,0.074,9,25,0.9958,3.33,0.56,9.5,-1
"216",9.4,0.43,0.24,2.8,0.092,14,45,0.998,3.19,0.73,10,-1
"217",9.5,0.46,0.24,2.7,0.092,14,44,0.998,3.12,0.74,10,-1
"218",10.9,0.53,0.49,4.6,0.118,10,17,1.0002,3.07,0.56,11.7,-1
"219",10.9,0.53,0.49,4.6,0.118,10,17,1.0002,3.07,0.56,11.7,-1
"220",13,0.47,0.49,4.3,0.085,6,47,1.0021,3.3,0.68,12.7,-1
"221",7.6,0.29,0.49,2.7,0.092,25,60,0.9971,3.31,0.61,10.1,-1
"222",13,0.47,0.49,4.3,0.085,6,47,1.0021,3.3,0.68,12.7,-1
"223",8.7,0.7,0.24,2.5,0.226,5,15,0.9991,3.32,0.6,9,-1
"224",8.7,0.7,0.24,2.5,0.226,5,15,0.9991,3.32,0.6,9,-1
"225",9.8,0.5,0.49,2.6,0.25,5,20,0.999,3.31,0.79,10.7,-1
"226",6.2,0.36,0.24,2.2,0.095,19,42,0.9946,3.57,0.57,11.7,-1
"227",11.5,0.35,0.49,3.3,0.07,10,37,1.0003,3.32,0.91,11,-1
"228",6.2,0.36,0.24,2.2,0.095,19,42,0.9946,3.57,0.57,11.7,-1
"229",10.6,0.34,0.49,3.2,0.078,20,78,0.9992,3.19,0.7,10,-1
"230",12.3,0.27,0.49,3.1,0.079,28,46,0.9993,3.2,0.8,10.2,-1
"231",10.6,0.31,0.49,2.2,0.063,18,40,0.9976,3.14,0.51,9.8,-1
"232",7.6,0.51,0.24,2.4,0.091,8,38,0.998,3.47,0.66,9.6,-1
"233",5,0.42,0.24,2,0.06,19,50,0.9917,3.72,0.74,14,1
"234",6.6,0.39,0.49,1.7,0.07,23,149,0.9922,3.12,0.5,11.5,-1
"235",12.4,0.4,0.51,2,0.059,6,24,0.9994,3.04,0.6,9.3,-1
"236",11.9,0.58,0.58,1.9,0.071,5,18,0.998,3.09,0.63,10,-1
"237",8.5,0.585,0.18,2.1,0.078,5,30,0.9967,3.2,0.48,9.8,-1
"238",12.7,0.59,0.45,2.3,0.082,11,22,1,3,0.7,9.3,-1
"239",13.2,0.46,0.52,2.2,0.071,12,35,1.0006,3.1,0.56,9,-1
"240",13.2,0.46,0.52,2.2,0.071,12,35,1.0006,3.1,0.56,9,-1
"241",8.3,0.58,0.13,2.9,0.096,14,63,0.9984,3.17,0.62,9.1,-1
"242",8.3,0.6,0.13,2.6,0.085,6,24,0.9984,3.31,0.59,9.2,-1
"243",8.8,0.48,0.41,3.3,0.092,26,52,0.9982,3.31,0.53,10.5,-1
"244",10.1,0.65,0.37,5.1,0.11,11,65,1.0026,3.32,0.64,10.4,-1
"245",6.3,0.36,0.19,3.2,0.075,15,39,0.9956,3.56,0.52,12.7,-1
"246",7.5,0.64,0,2.4,0.077,18,29,0.9965,3.32,0.6,10,-1
"247",9.2,0.755,0.18,2.2,0.148,10,103,0.9969,2.87,1.36,10.2,-1
"248",11.5,0.31,0.51,2.2,0.079,14,28,0.9982,3.03,0.93,9.8,-1
"249",7.9,0.51,0.25,2.9,0.077,21,45,0.9974,3.49,0.96,12.1,-1
"250",8.7,0.54,0.26,2.5,0.097,7,31,0.9976,3.27,0.6,9.3,-1
"251",8.7,0.54,0.26,2.5,0.097,7,31,0.9976,3.27,0.6,9.3,-1
"252",7.6,0.41,0.14,3,0.087,21,43,0.9964,3.32,0.57,10.5,-1
"253",8.9,0.29,0.35,1.9,0.067,25,57,0.997,3.18,1.36,10.3,-1
"254",6.7,0.42,0.27,8.6,0.068,24,148,0.9948,3.16,0.57,11.3,-1
"255",9.4,0.33,0.59,2.8,0.079,9,30,0.9976,3.12,0.54,12,-1
"256",7.2,0.52,0.07,1.4,0.074,5,20,0.9973,3.32,0.81,9.6,-1
"257",7.2,0.52,0.07,1.4,0.074,5,20,0.9973,3.32,0.81,9.6,-1
"258",7.2,0.57,0.06,1.6,0.076,9,27,0.9972,3.36,0.7,9.6,-1
"259",10.1,0.28,0.46,1.8,0.05,5,13,0.9974,3.04,0.79,10.2,-1
"260",8.3,0.49,0.36,1.8,0.222,6,16,0.998,3.18,0.6,9.5,-1
"261",11.3,0.34,0.45,2,0.082,6,15,0.9988,2.94,0.66,9.2,-1
"262",11.3,0.34,0.45,2,0.082,6,15,0.9988,2.94,0.66,9.2,-1
"263",10.8,0.4,0.41,2.2,0.084,7,17,0.9984,3.08,0.67,9.3,-1
"264",10.8,0.4,0.41,2.2,0.084,7,17,0.9984,3.08,0.67,9.3,-1
"265",8,0.45,0.23,2.2,0.094,16,29,0.9962,3.21,0.49,10.2,-1
"266",5.1,0.47,0.02,1.3,0.034,18,44,0.9921,3.9,0.62,12.8,-1
"267",7,0.65,0.02,2.1,0.066,8,25,0.9972,3.47,0.67,9.5,-1
"268",7,0.65,0.02,2.1,0.066,8,25,0.9972,3.47,0.67,9.5,-1
"269",11.8,0.38,0.55,2.1,0.071,5,19,0.9986,3.11,0.62,10.8,-1
"270",10.6,1.02,0.43,2.9,0.076,26,88,0.9984,3.08,0.57,10.1,-1
"271",7,0.65,0.02,2.1,0.066,8,25,0.9972,3.47,0.67,9.5,-1
"272",7,0.64,0.02,2.1,0.067,9,23,0.997,3.47,0.67,9.4,-1
"273",7.8,0.545,0.12,2.5,0.068,11,35,0.996,3.34,0.61,11.6,-1
"274",9.7,0.31,0.47,1.6,0.062,13,33,0.9983,3.27,0.66,10,-1
"275",7.2,0.49,0.18,2.7,0.069,13,34,0.9967,3.29,0.48,9.2,-1
"276",8.1,0.72,0.09,2.8,0.084,18,49,0.9994,3.43,0.72,11.1,-1
"277",6.4,0.865,0.03,3.2,0.071,27,58,0.995,3.61,0.49,12.7,-1
"278",8.2,0.59,0,2.5,0.093,19,58,1.0002,3.5,0.65,9.3,-1
"279",8.3,0.76,0.29,4.2,0.075,12,16,0.9965,3.45,0.68,11.5,-1
"280",7.3,0.51,0.18,2.1,0.07,12,28,0.99768,3.52,0.73,9.5,-1
"281",8.2,0.34,0.38,2.5,0.08,12,57,0.9978,3.3,0.47,9,-1
"282",7.2,0.5,0.18,2.1,0.071,12,31,0.99761,3.52,0.72,9.6,-1
"283",7.3,0.51,0.18,2.1,0.07,12,28,0.99768,3.52,0.73,9.5,-1
"284",7.8,0.48,0.68,1.7,0.415,14,32,0.99656,3.09,1.06,9.1,-1
"285",7.8,0.91,0.07,1.9,0.058,22,47,0.99525,3.51,0.43,10.7,-1
"286",6.3,0.98,0.01,2,0.057,15,33,0.99488,3.6,0.46,11.2,-1
"287",8.8,0.7,0,1.7,0.069,8,19,0.99701,3.31,0.53,10,-1
"288",9.1,0.68,0.11,2.8,0.093,11,44,0.99888,3.31,0.55,9.5,-1
"289",9.2,0.67,0.1,3,0.091,12,48,0.99888,3.31,0.54,9.5,-1
"290",7.1,0.59,0.02,2.3,0.082,24,94,0.99744,3.55,0.53,9.7,-1
"291",7.1,0.59,0.02,2.3,0.082,24,94,0.99744,3.55,0.53,9.7,-1
"292",7.9,0.4,0.29,1.8,0.157,1,44,0.9973,3.3,0.92,9.5,-1
"293",7.9,0.4,0.3,1.8,0.157,2,45,0.99727,3.31,0.91,9.5,-1
"294",6.9,0.765,0.18,2.4,0.243,5.5,48,0.99612,3.4,0.6,10.3,-1
"295",6.9,0.635,0.17,2.4,0.241,6,18,0.9961,3.4,0.59,10.3,-1
"296",7,0.57,0,2,0.19,12,45,0.99676,3.31,0.6,9.4,-1
"297",10,0.56,0.24,2.2,0.079,19,58,0.9991,3.18,0.56,10.1,-1
"298",10,0.56,0.24,2.2,0.079,19,58,0.9991,3.18,0.56,10.1,-1
"299",7.4,0.37,0.43,2.6,0.082,18,82,0.99708,3.33,0.68,9.7,-1
"300",7.1,0.61,0.02,2.5,0.081,17,87,0.99745,3.48,0.6,9.7,-1
"301",10.1,0.27,0.54,2.3,0.065,7,26,0.99531,3.17,0.53,12.5,-1
"302",9.4,0.5,0.34,3.6,0.082,5,14,0.9987,3.29,0.52,10.7,-1
"303",9.4,0.5,0.34,3.6,0.082,5,14,0.9987,3.29,0.52,10.7,-1
"304",7.7,0.56,0.08,2.5,0.114,14,46,0.9971,3.24,0.66,9.6,-1
"305",8.4,0.52,0.22,2.7,0.084,4,18,0.99682,3.26,0.57,9.9,-1
"306",7.6,0.48,0.31,2.8,0.07,4,15,0.99693,3.22,0.55,10.3,-1
"307",12.9,0.5,0.55,2.8,0.072,7,24,1.00012,3.09,0.68,10.9,-1
"308",12.6,0.41,0.54,2.8,0.103,19,41,0.99939,3.21,0.76,11.3,-1
"309",9.8,0.51,0.19,3.2,0.081,8,30,0.9984,3.23,0.58,10.5,-1
"310",10.8,0.29,0.42,1.6,0.084,19,27,0.99545,3.28,0.73,11.9,-1
"311",7.8,0.57,0.09,2.3,0.065,34,45,0.99417,3.46,0.74,12.7,1
"312",5.9,0.61,0.08,2.1,0.071,16,24,0.99376,3.56,0.77,11.1,-1
"313",5.9,0.61,0.08,2.1,0.071,16,24,0.99376,3.56,0.77,11.1,-1
"314",10.6,0.5,0.45,2.6,0.119,34,68,0.99708,3.23,0.72,10.9,-1
"315",9.9,0.25,0.46,1.7,0.062,26,42,0.9959,3.18,0.83,10.6,-1
"316",7.4,0.68,0.16,1.8,0.078,12,39,0.9977,3.5,0.7,9.9,-1
"317",9.3,0.36,0.39,1.5,0.08,41,55,0.99652,3.47,0.73,10.9,-1
"318",9.3,0.36,0.39,1.5,0.08,41,55,0.99652,3.47,0.73,10.9,-1
"319",9.3,0.36,0.39,1.5,0.08,41,55,0.99652,3.47,0.73,10.9,-1
"320",6.8,0.56,0.22,1.8,0.074,15,24,0.99438,3.4,0.82,11.2,-1
"321",5.8,1.01,0.66,2,0.039,15,88,0.99357,3.66,0.6,11.5,-1
"322",6.8,0.49,0.22,2.3,0.071,13,24,0.99438,3.41,0.83,11.3,-1
"323",6.9,0.51,0.23,2,0.072,13,22,0.99438,3.4,0.84,11.2,-1
"324",6.8,0.56,0.22,1.8,0.074,15,24,0.99438,3.4,0.82,11.2,-1
"325",7.6,0.63,0.03,2,0.08,27,43,0.99578,3.44,0.64,10.9,-1
"326",7.7,0.715,0.01,2.1,0.064,31,43,0.99371,3.41,0.57,11.8,-1
"327",7.7,0.715,0.01,2.1,0.064,31,43,0.99371,3.41,0.57,11.8,-1
"328",8.8,0.61,0.19,4,0.094,30,69,0.99787,3.22,0.5,10,-1
"329",7.6,0.715,0,2.1,0.068,30,35,0.99533,3.48,0.65,11.4,-1
"330",8.4,0.31,0.29,3.1,0.194,14,26,0.99536,3.22,0.78,12,-1
"331",8.8,0.61,0.19,4,0.094,30,69,0.99787,3.22,0.5,10,-1
"332",9,0.8,0.12,2.4,0.083,8,28,0.99836,3.33,0.65,10.4,-1
"333",6.8,0.57,0,2.5,0.072,32,64,0.99491,3.43,0.56,11.2,-1
"334",10.1,0.45,0.23,1.9,0.082,10,18,0.99774,3.22,0.65,9.3,-1
"335",7.2,0.63,0.03,2.2,0.08,17,88,0.99745,3.53,0.58,9.8,-1
"336",7.1,0.59,0.01,2.3,0.08,27,43,0.9955,3.42,0.58,10.7,-1
"337",7.1,0.59,0.01,2.3,0.08,27,43,0.9955,3.42,0.58,10.7,-1
"338",6.1,0.56,0,2.2,0.079,6,9,0.9948,3.59,0.54,11.5,-1
"339",7.4,0.52,0.13,2.4,0.078,34,61,0.99528,3.43,0.59,10.8,-1
"340",7.3,0.305,0.39,1.2,0.059,7,11,0.99331,3.29,0.52,11.5,-1
"341",9.3,0.38,0.48,3.8,0.132,3,11,0.99577,3.23,0.57,13.2,-1
"342",9.1,0.28,0.46,9,0.114,3,9,0.99901,3.18,0.6,10.9,-1
"343",10,0.46,0.44,2.9,0.065,4,8,0.99674,3.33,0.62,12.2,-1
"344",7.3,0.305,0.39,1.2,0.059,7,11,0.99331,3.29,0.52,11.5,-1
"345",8.6,0.315,0.4,2.2,0.079,3,6,0.99512,3.27,0.67,11.9,-1
"346",6.8,0.41,0.31,8.8,0.084,26,45,0.99824,3.38,0.64,10.1,-1
"347",8.4,0.36,0.32,2.2,0.081,32,79,0.9964,3.3,0.72,11,-1
"348",8.4,0.62,0.12,1.8,0.072,38,46,0.99504,3.38,0.89,11.8,-1
"349",8.4,0.36,0.32,2.2,0.081,32,79,0.9964,3.3,0.72,11,-1
"350",8.4,0.62,0.12,1.8,0.072,38,46,0.99504,3.38,0.89,11.8,-1
"351",6.8,0.41,0.31,8.8,0.084,26,45,0.99824,3.38,0.64,10.1,-1
"352",9.4,0.24,0.33,2.3,0.061,52,73,0.99786,3.47,0.9,10.2,-1
"353",7.6,0.4,0.29,1.9,0.078,29,66,0.9971,3.45,0.59,9.5,-1
"354",8.8,0.3,0.38,2.3,0.06,19,72,0.99543,3.39,0.72,11.8,-1
"355",8.8,0.3,0.38,2.3,0.06,19,72,0.99543,3.39,0.72,11.8,-1
"356",7.6,0.43,0.4,2.7,0.082,6,11,0.99538,3.44,0.54,12.2,-1
"357",9,0.36,0.52,2.1,0.111,5,10,0.99568,3.31,0.62,11.3,-1
"358",9.5,0.37,0.52,2,0.088,12,51,0.99613,3.29,0.58,11.1,-1
"359",8.5,0.47,0.27,1.9,0.058,18,38,0.99518,3.16,0.85,11.1,-1
"360",8.8,0.27,0.39,2,0.1,20,27,0.99546,3.15,0.69,11.2,-1
"361",8.5,0.47,0.27,1.9,0.058,18,38,0.99518,3.16,0.85,11.1,-1
"362",8.3,0.34,0.4,2.4,0.065,24,48,0.99554,3.34,0.86,11,-1
"363",9,0.4,0.43,2.4,0.068,29,46,0.9943,3.2,0.6,12.2,-1
"364",10.4,0.26,0.48,1.9,0.066,6,10,0.99724,3.33,0.87,10.9,-1
"365",10.4,0.26,0.48,1.9,0.066,6,10,0.99724,3.33,0.87,10.9,-1
"366",9.1,0.5,0.3,1.9,0.065,8,17,0.99774,3.32,0.71,10.5,-1
"367",7.3,0.52,0.32,2.1,0.07,51,70,0.99418,3.34,0.82,12.9,-1
"368",9.1,0.5,0.3,1.9,0.065,8,17,0.99774,3.32,0.71,10.5,-1
"369",7.4,0.58,0,2,0.064,7,11,0.99562,3.45,0.58,11.3,-1
"370",9.7,0.295,0.4,1.5,0.073,14,21,0.99556,3.14,0.51,10.9,-1
"371",6.5,0.4,0.1,2,0.076,30,47,0.99554,3.36,0.48,9.4,-1
"372",7.7,0.6,0.06,2,0.079,19,41,0.99697,3.39,0.62,10.1,-1
"373",8.9,0.84,0.34,1.4,0.05,4,10,0.99554,3.12,0.48,9.1,-1
"374",6.4,0.69,0,1.65,0.055,7,12,0.99162,3.47,0.53,12.9,-1
"375",8.9,0.32,0.31,2,0.088,12,19,0.9957,3.17,0.55,10.4,-1
"376",7.5,0.71,0,1.6,0.092,22,31,0.99635,3.38,0.58,10,-1
"377",8,0.58,0.16,2,0.12,3,7,0.99454,3.22,0.58,11.2,-1
"378",10.5,0.39,0.46,2.2,0.075,14,27,0.99598,3.06,0.84,11.4,-1
"379",8,0.18,0.37,0.9,0.049,36,109,0.99007,2.89,0.44,12.7,-1
"380",8,0.18,0.37,0.9,0.049,36,109,0.99007,2.89,0.44,12.7,-1
"381",11.3,0.36,0.66,2.4,0.123,3,8,0.99642,3.2,0.53,11.9,-1
"382",11.3,0.36,0.66,2.4,0.123,3,8,0.99642,3.2,0.53,11.9,-1
"383",8.2,0.32,0.42,2.3,0.098,3,9,0.99506,3.27,0.55,12.3,-1
"384",8.6,0.83,0,2.8,0.095,17,43,0.99822,3.33,0.6,10.4,-1
"385",7.9,0.31,0.32,1.9,0.066,14,36,0.99364,3.41,0.56,12.6,-1
"386",7.2,0.34,0.21,2.5,0.075,41,68,0.99586,3.37,0.54,10.1,-1
"387",7.5,0.57,0.08,2.6,0.089,14,27,0.99592,3.3,0.59,10.4,-1
"388",8.9,0.745,0.18,2.5,0.077,15,48,0.99739,3.2,0.47,9.7,-1
"389",8.9,0.5,0.21,2.2,0.088,21,39,0.99692,3.33,0.83,11.1,-1
"390",6.9,0.49,0.19,1.7,0.079,13,26,0.99547,3.38,0.64,9.8,-1
"391",8.9,0.5,0.21,2.2,0.088,21,39,0.99692,3.33,0.83,11.1,-1
"392",6.4,0.39,0.33,3.3,0.046,12,53,0.99294,3.36,0.62,12.2,-1
"393",6.9,0.44,0,1.4,0.07,32,38,0.99438,3.32,0.58,11.4,-1
"394",7.6,0.78,0,1.7,0.076,33,45,0.99612,3.31,0.62,10.7,-1
"395",9.3,0.49,0.36,1.7,0.081,3,14,0.99702,3.27,0.78,10.9,-1
"396",9.3,0.5,0.36,1.8,0.084,6,17,0.99704,3.27,0.77,10.8,-1
"397",8.2,0.64,0.27,2,0.095,5,77,0.99747,3.13,0.62,9.1,-1
"398",8.2,0.64,0.27,2,0.095,5,77,0.99747,3.13,0.62,9.1,-1
"399",11.6,0.23,0.57,1.8,0.074,3,8,0.9981,3.14,0.7,9.9,-1
"400",9.1,0.4,0.5,1.8,0.071,7,16,0.99462,3.21,0.69,12.5,1
"401",8,0.38,0.44,1.9,0.098,6,15,0.9956,3.3,0.64,11.4,-1
"402",10.2,0.29,0.65,2.4,0.075,6,17,0.99565,3.22,0.63,11.8,-1
"403",8.2,0.74,0.09,2,0.067,5,10,0.99418,3.28,0.57,11.8,-1
"404",7.7,0.61,0.18,2.4,0.083,6,20,0.9963,3.29,0.6,10.2,-1
"405",7.2,0.35,0.26,1.8,0.083,33,75,0.9968,3.4,0.58,9.5,-1
"406",8,0.62,0.33,2.7,0.088,16,37,0.9972,3.31,0.58,10.7,-1
"407",9.9,0.32,0.56,2,0.073,3,8,0.99534,3.15,0.73,11.4,-1
"408",10.3,0.27,0.56,1.4,0.047,3,8,0.99471,3.16,0.51,11.8,-1
"409",7.2,0.38,0.3,1.8,0.073,31,70,0.99685,3.42,0.59,9.5,-1
"410",8.7,0.42,0.45,2.4,0.072,32,59,0.99617,3.33,0.77,12,-1
"411",7.2,0.38,0.3,1.8,0.073,31,70,0.99685,3.42,0.59,9.5,-1
"412",7.9,0.19,0.42,1.6,0.057,18,30,0.994,3.29,0.69,11.2,-1
"413",10,0.26,0.54,1.9,0.083,42,74,0.99451,2.98,0.63,11.8,1
"414",7.9,0.34,0.42,2,0.086,8,19,0.99546,3.35,0.6,11.4,-1
"415",7,0.54,0.09,2,0.081,10,16,0.99479,3.43,0.59,11.5,-1
"416",6.6,0.725,0.09,5.5,0.117,9,17,0.99655,3.35,0.49,10.8,-1
"417",6.6,0.725,0.09,5.5,0.117,9,17,0.99655,3.35,0.49,10.8,-1
"418",8.4,0.34,0.42,2.1,0.072,23,36,0.99392,3.11,0.78,12.4,-1
"419",7.4,0.49,0.27,2.1,0.071,14,25,0.99388,3.35,0.63,12,-1
"420",6.1,0.48,0.09,1.7,0.078,18,30,0.99402,3.45,0.54,11.2,-1
"421",7.4,0.49,0.27,2.1,0.071,14,25,0.99388,3.35,0.63,12,-1
"422",8,0.48,0.34,2.2,0.073,16,25,0.9936,3.28,0.66,12.4,-1
"423",8.2,0.23,0.42,1.9,0.069,9,17,0.99376,3.21,0.54,12.3,-1
"424",10.8,0.47,0.43,2.1,0.171,27,66,0.9982,3.17,0.76,10.8,-1
"425",8.3,0.53,0,1.4,0.07,6,14,0.99593,3.25,0.64,10,-1
"426",7.9,0.33,0.41,1.5,0.056,6,35,0.99396,3.29,0.71,11,-1
"427",8.9,0.24,0.39,1.6,0.074,3,10,0.99698,3.12,0.59,9.5,-1
"428",5,0.4,0.5,4.3,0.046,29,80,0.9902,3.49,0.66,13.6,-1
"429",7,0.69,0.07,2.5,0.091,15,21,0.99572,3.38,0.6,11.3,-1
"430",7,0.69,0.07,2.5,0.091,15,21,0.99572,3.38,0.6,11.3,-1
"431",7,0.69,0.07,2.5,0.091,15,21,0.99572,3.38,0.6,11.3,-1
"432",7.1,0.39,0.12,2.1,0.065,14,24,0.99252,3.3,0.53,13.3,-1
"433",7.9,0.54,0.34,2.5,0.076,8,17,0.99235,3.2,0.72,13.1,1
"434",6.6,0.5,0,1.8,0.062,21,28,0.99352,3.44,0.55,12.3,-1
"435",6.3,0.47,0,1.4,0.055,27,33,0.9922,3.45,0.48,12.3,-1
"436",10.7,0.4,0.37,1.9,0.081,17,29,0.99674,3.12,0.65,11.2,-1
"437",5.8,0.29,0.26,1.7,0.063,3,11,0.9915,3.39,0.54,13.5,-1
"438",6.3,0.76,0,2.9,0.072,26,52,0.99379,3.51,0.6,11.5,-1
"439",10.5,0.43,0.35,3.3,0.092,24,70,0.99798,3.21,0.69,10.5,-1
"440",9.1,0.6,0,1.9,0.058,5,10,0.9977,3.18,0.63,10.4,-1
"441",8,0.25,0.43,1.7,0.067,22,50,0.9946,3.38,0.6,11.9,-1
"442",10.4,0.52,0.45,2,0.08,6,13,0.99774,3.22,0.76,11.4,-1
"443",10.4,0.52,0.45,2,0.08,6,13,0.99774,3.22,0.76,11.4,-1
"444",8.2,0.51,0.24,2,0.079,16,86,0.99764,3.34,0.64,9.5,-1
"445",7.3,0.4,0.3,1.7,0.08,33,79,0.9969,3.41,0.65,9.5,-1
"446",8.2,0.38,0.32,2.5,0.08,24,71,0.99624,3.27,0.85,11,-1
"447",6.9,0.45,0.11,2.4,0.043,6,12,0.99354,3.3,0.65,11.4,-1
"448",7,0.22,0.3,1.8,0.065,16,20,0.99672,3.61,0.82,10,-1
"449",8.2,0.2,0.43,2.5,0.076,31,51,0.99672,3.53,0.81,10.4,-1
"450",7.8,0.5,0.12,1.8,0.178,6,21,0.996,3.28,0.87,9.8,-1
"451",7.8,0.39,0.42,2,0.086,9,21,0.99526,3.39,0.66,11.6,-1
"452",10,0.35,0.47,2,0.061,6,11,0.99585,3.23,0.52,12,-1
"453",6.1,0.58,0.23,2.5,0.044,16,70,0.99352,3.46,0.65,12.5,-1
"454",9.6,0.42,0.35,2.1,0.083,17,38,0.99622,3.23,0.66,11.1,-1
"455",6.6,0.58,0,2.2,0.1,50,63,0.99544,3.59,0.68,11.4,-1
"456",6.7,0.41,0.43,2.8,0.076,22,54,0.99572,3.42,1.16,10.6,-1
"457",8.8,0.45,0.43,1.4,0.076,12,21,0.99551,3.21,0.75,10.2,-1
"458",6.5,0.34,0.27,2.8,0.067,8,44,0.99384,3.21,0.56,12,-1
"459",7.6,0.5,0.29,2.3,0.086,5,14,0.99502,3.32,0.62,11.5,-1
"460",9.2,0.36,0.34,1.6,0.062,5,12,0.99667,3.2,0.67,10.5,-1
"461",7.1,0.59,0,2.2,0.078,26,44,0.99522,3.42,0.68,10.8,-1
"462",9.7,0.42,0.46,2.1,0.074,5,16,0.99649,3.27,0.74,12.3,-1
"463",7.6,0.36,0.31,1.7,0.079,26,65,0.99716,3.46,0.62,9.5,-1
"464",7.6,0.36,0.31,1.7,0.079,26,65,0.99716,3.46,0.62,9.5,-1
"465",6.5,0.61,0,2.2,0.095,48,59,0.99541,3.61,0.7,11.5,-1
"466",8.2,0.35,0.33,2.4,0.076,11,47,0.99599,3.27,0.81,11,-1
"467",8.2,0.35,0.33,2.4,0.076,11,47,0.99599,3.27,0.81,11,-1
"468",10.2,0.4,0.4,2.5,0.068,41,54,0.99754,3.38,0.86,10.5,-1
"469",7,0.43,0.3,2,0.085,6,39,0.99346,3.33,0.46,11.9,-1
"470",7,0.43,0.3,2,0.085,6,39,0.99346,3.33,0.46,11.9,-1
"471",9.1,0.4,0.57,4.6,0.08,6,20,0.99652,3.28,0.57,12.5,-1
"472",7,0.745,0.12,1.8,0.114,15,64,0.99588,3.22,0.59,9.5,-1
"473",6.2,0.43,0.22,1.8,0.078,21,56,0.99633,3.52,0.6,9.5,-1
"474",7.9,0.58,0.23,2.3,0.076,23,94,0.99686,3.21,0.58,9.5,-1
"475",7.7,0.57,0.21,1.5,0.069,4,9,0.99458,3.16,0.54,9.8,-1
"476",7.7,0.26,0.26,2,0.052,19,77,0.9951,3.15,0.79,10.9,-1
"477",7.9,0.58,0.23,2.3,0.076,23,94,0.99686,3.21,0.58,9.5,-1
"478",7.7,0.57,0.21,1.5,0.069,4,9,0.99458,3.16,0.54,9.8,-1
"479",8.6,0.42,0.39,1.8,0.068,6,12,0.99516,3.35,0.69,11.7,1
"480",6.8,0.65,0.02,2.1,0.078,8,15,0.99498,3.35,0.62,10.4,-1
"481",6.8,0.65,0.02,2.1,0.078,8,15,0.99498,3.35,0.62,10.4,-1
"482",9.6,0.38,0.42,1.9,0.071,5,13,0.99659,3.15,0.75,10.5,-1
"483",10.2,0.33,0.46,1.9,0.081,6,9,0.99628,3.1,0.48,10.4,-1
"484",8.8,0.27,0.46,2.1,0.095,20,29,0.99488,3.26,0.56,11.3,-1
"485",7.9,0.57,0.31,2,0.079,10,79,0.99677,3.29,0.69,9.5,-1
"486",8.2,0.34,0.37,1.9,0.057,43,74,0.99408,3.23,0.81,12,-1
"487",8.2,0.4,0.31,1.9,0.082,8,24,0.996,3.24,0.69,10.6,-1
"488",9,0.39,0.4,1.3,0.044,25,50,0.99478,3.2,0.83,10.9,-1
"489",10.9,0.32,0.52,1.8,0.132,17,44,0.99734,3.28,0.77,11.5,-1
"490",10.9,0.32,0.52,1.8,0.132,17,44,0.99734,3.28,0.77,11.5,-1
"491",8.1,0.53,0.22,2.2,0.078,33,89,0.99678,3.26,0.46,9.6,-1
"492",10.5,0.36,0.47,2.2,0.074,9,23,0.99638,3.23,0.76,12,-1
"493",12.6,0.39,0.49,2.5,0.08,8,20,0.9992,3.07,0.82,10.3,-1
"494",7.7,0.18,0.34,2.7,0.066,15,58,0.9947,3.37,0.78,11.8,-1
"495",7.1,0.75,0.01,2.2,0.059,11,18,0.99242,3.39,0.4,12.8,-1
"496",7.8,0.55,0,1.7,0.07,7,17,0.99659,3.26,0.64,9.4,-1
"497",7.1,0.75,0.01,2.2,0.059,11,18,0.99242,3.39,0.4,12.8,-1
"498",9,0.4,0.41,2,0.058,15,40,0.99414,3.22,0.6,12.2,-1
"499",5.9,0.29,0.25,13.4,0.067,72,160,0.99721,3.33,0.54,10.3,-1
"500",6.9,0.41,0.33,2.2,0.081,22,36,0.9949,3.41,0.75,11.1,-1
"501",7.1,0.6,0.01,2.3,0.079,24,37,0.99514,3.4,0.61,10.9,-1
"502",7.1,0.6,0.01,2.3,0.079,24,37,0.99514,3.4,0.61,10.9,-1
"503",7,0.58,0.28,4.8,0.085,12,69,0.99633,3.32,0.7,11,-1
"504",6.8,0.64,0,2.7,0.123,15,33,0.99538,3.44,0.63,11.3,-1
"505",6.8,0.64,0,2.7,0.123,15,33,0.99538,3.44,0.63,11.3,-1
"506",8.5,0.37,0.32,1.8,0.066,26,51,0.99456,3.38,0.72,11.8,-1
"507",7.2,0.57,0.05,2.3,0.081,16,36,0.99564,3.38,0.6,10.3,-1
"508",7.2,0.57,0.05,2.3,0.081,16,36,0.99564,3.38,0.6,10.3,-1
"509",10.4,0.43,0.5,2.3,0.068,13,19,0.996,3.1,0.87,11.4,-1
"510",6.9,0.41,0.31,2,0.079,21,51,0.99668,3.47,0.55,9.5,-1
"511",5.5,0.49,0.03,1.8,0.044,28,87,0.9908,3.5,0.82,14,1
"512",5,0.38,0.01,1.6,0.048,26,60,0.99084,3.7,0.75,14,-1
"513",7.3,0.44,0.2,1.6,0.049,24,64,0.9935,3.38,0.57,11.7,-1
"514",7.8,0.58,0.13,2.1,0.102,17,36,0.9944,3.24,0.53,11.2,-1
"515",8,0.715,0.22,2.3,0.075,13,81,0.99688,3.24,0.54,9.5,-1
"516",7,0.69,0,1.9,0.114,3,10,0.99636,3.35,0.6,9.7,-1
"517",8,0.715,0.22,2.3,0.075,13,81,0.99688,3.24,0.54,9.5,-1
"518",7.1,0.46,0.2,1.9,0.077,28,54,0.9956,3.37,0.64,10.4,-1
"519",7.1,0.46,0.2,1.9,0.077,28,54,0.9956,3.37,0.64,10.4,-1
"520",7.9,0.765,0,2,0.084,9,22,0.99619,3.33,0.68,10.9,-1
"521",8.7,0.63,0.28,2.7,0.096,17,69,0.99734,3.26,0.63,10.2,-1
"522",7.1,0.16,0.44,2.5,0.068,17,31,0.99328,3.35,0.54,12.4,-1
"523",8.2,0.635,0.1,2.1,0.073,25,60,0.99638,3.29,0.75,10.9,-1
"524",5.9,0.395,0.13,2.4,0.056,14,28,0.99362,3.62,0.67,12.4,-1
"525",8.2,0.635,0.1,2.1,0.073,25,60,0.99638,3.29,0.75,10.9,-1
"526",7.2,0.53,0.14,2.1,0.064,15,29,0.99323,3.35,0.61,12.1,-1
"527",5.7,0.6,0,1.4,0.063,11,18,0.99191,3.45,0.56,12.2,-1
"528",5.2,0.645,0,2.15,0.08,15,28,0.99444,3.78,0.61,12.5,-1
"529",6.7,0.86,0.07,2,0.1,20,57,0.99598,3.6,0.74,11.7,-1
"530",9.1,0.37,0.32,2.1,0.064,4,15,0.99576,3.3,0.8,11.2,-1
"531",6.5,0.51,0.15,3,0.064,12,27,0.9929,3.33,0.59,12.8,-1
"532",7,0.36,0.21,2.3,0.086,20,65,0.99558,3.4,0.54,10.1,-1
"533",7,0.36,0.21,2.4,0.086,24,69,0.99556,3.4,0.53,10.1,-1
"534",7.5,0.63,0.27,2,0.083,17,91,0.99616,3.26,0.58,9.8,-1
"535",5.4,0.74,0,1.2,0.041,16,46,0.99258,4.01,0.59,12.5,-1
"536",9.9,0.44,0.46,2.2,0.091,10,41,0.99638,3.18,0.69,11.9,-1
"537",7.5,0.63,0.27,2,0.083,17,91,0.99616,3.26,0.58,9.8,-1
"538",9.1,0.76,0.68,1.7,0.414,18,64,0.99652,2.9,1.33,9.1,-1
"539",5,0.74,0,1.2,0.041,16,46,0.99258,4.01,0.59,12.5,-1
"540",6.7,0.46,0.24,1.7,0.077,18,34,0.9948,3.39,0.6,10.6,-1
"541",6.7,0.46,0.24,1.7,0.077,18,34,0.9948,3.39,0.6,10.6,-1
"542",6.7,0.46,0.24,1.7,0.077,18,34,0.9948,3.39,0.6,10.6,-1
"543",6.7,0.46,0.24,1.7,0.077,18,34,0.9948,3.39,0.6,10.6,-1
"544",7.4,0.6,0.26,2.1,0.083,17,91,0.99616,3.29,0.56,9.8,-1
"545",7.4,0.6,0.26,2.1,0.083,17,91,0.99616,3.29,0.56,9.8,-1
"546",8.4,0.39,0.1,1.7,0.075,6,25,0.99581,3.09,0.43,9.7,-1
"547",6.6,0.58,0.02,2.4,0.069,19,40,0.99387,3.38,0.66,12.6,-1
"548",7.5,0.51,0.02,1.7,0.084,13,31,0.99538,3.36,0.54,10.5,-1
"549",7.5,0.51,0.02,1.7,0.084,13,31,0.99538,3.36,0.54,10.5,-1
"550",7.5,0.51,0.02,1.7,0.084,13,31,0.99538,3.36,0.54,10.5,-1
"551",7.6,0.54,0.02,1.7,0.085,17,31,0.99589,3.37,0.51,10.4,-1
"552",7.5,0.51,0.02,1.7,0.084,13,31,0.99538,3.36,0.54,10.5,-1
"553",8.2,0.44,0.24,2.3,0.063,10,28,0.99613,3.25,0.53,10.2,-1
"554",7.2,0.62,0.01,2.3,0.065,8,46,0.99332,3.32,0.51,11.8,-1
"555",7.3,0.43,0.24,2.5,0.078,27,67,0.99648,3.6,0.59,11.1,-1
"556",11.6,0.475,0.4,1.4,0.091,6,28,0.99704,3.07,0.65,10.0333333333333,-1
"557",11.6,0.475,0.4,1.4,0.091,6,28,0.99704,3.07,0.65,10.0333333333333,-1
"558",7.2,0.605,0.02,1.9,0.096,10,31,0.995,3.46,0.53,11.8,-1
"559",6.9,0.54,0.3,2.2,0.088,9,105,0.99725,3.25,1.18,10.5,-1
"560",8,0.77,0.32,2.1,0.079,16,74,0.99656,3.27,0.5,9.8,-1
"561",7.5,0.58,0.56,3.1,0.153,5,14,0.99476,3.21,1.03,11.6,-1
"562",5.2,0.49,0.26,2.3,0.09,23,74,0.9953,3.71,0.62,12.2,-1
"563",7.2,0.45,0.15,2,0.078,10,28,0.99609,3.29,0.51,9.9,-1
"564",7.5,0.57,0.02,2.6,0.077,11,35,0.99557,3.36,0.62,10.8,-1
"565",7.5,0.57,0.02,2.6,0.077,11,35,0.99557,3.36,0.62,10.8,-1
"566",6,0.49,0,2.3,0.068,15,33,0.99292,3.58,0.59,12.5,-1
"567",8.6,0.685,0.1,1.6,0.092,3,12,0.99745,3.31,0.65,9.55,-1
"568",7.2,0.67,0,2.2,0.068,10,24,0.9956,3.42,0.72,11.1,-1
"569",7.6,0.3,0.42,2,0.052,6,24,0.9963,3.44,0.82,11.9,-1
"570",7.2,0.33,0.33,1.7,0.061,3,13,0.996,3.23,1.1,10,1
"571",8,0.5,0.39,2.6,0.082,12,46,0.9985,3.43,0.62,10.7,-1
"572",8.2,0.24,0.34,5.1,0.062,8,22,0.9974,3.22,0.94,10.9,-1
"573",6,0.51,0,2.1,0.064,40,54,0.995,3.54,0.93,10.7,-1
"574",6,0.51,0,2.1,0.064,40,54,0.995,3.54,0.93,10.7,-1
"575",6.6,0.96,0,1.8,0.082,5,16,0.9936,3.5,0.44,11.9,-1
"576",6.4,0.47,0.4,2.4,0.071,8,19,0.9963,3.56,0.73,10.6,-1
"577",8.2,0.24,0.34,5.1,0.062,8,22,0.9974,3.22,0.94,10.9,-1
"578",7,0.54,0,2.1,0.079,39,55,0.9956,3.39,0.84,11.4,-1
"579",8.3,0.26,0.37,1.4,0.076,8,23,0.9974,3.26,0.7,9.6,-1
"580",8.3,0.26,0.37,1.4,0.076,8,23,0.9974,3.26,0.7,9.6,-1
"581",7.7,0.23,0.37,1.8,0.046,23,60,0.9971,3.41,0.71,12.1,-1
"582",7.6,0.43,0.31,2.1,0.069,13,74,0.9958,3.26,0.54,9.9,-1
"583",5.9,0.44,0,1.6,0.042,3,11,0.9944,3.48,0.85,11.7,-1
"584",10.2,0.54,0.37,15.4,0.214,55,95,1.00369,3.18,0.77,9,-1
"585",10.2,0.54,0.37,15.4,0.214,55,95,1.00369,3.18,0.77,9,-1
"586",7.3,0.67,0.02,2.2,0.072,31,92,0.99566,3.32,0.68,11.0666666666667,-1
"587",7.4,0.785,0.19,5.2,0.094,19,98,0.99713,3.16,0.52,9.56666666666667,-1
"588",7.3,0.67,0.02,2.2,0.072,31,92,0.99566,3.32,0.68,11.1,-1
"589",7.4,0.785,0.19,5.2,0.094,19,98,0.99713,3.16,0.52,9.6,-1
"590",7.2,0.38,0.31,2,0.056,15,29,0.99472,3.23,0.76,11.3,1
"591",11.7,0.45,0.63,2.2,0.073,7,23,0.99974,3.21,0.69,10.9,-1
"592",6.5,0.9,0,1.6,0.052,9,17,0.99467,3.5,0.63,10.9,-1
"593",6,0.54,0.06,1.8,0.05,38,89,0.99236,3.3,0.5,10.55,-1
"594",6.4,0.42,0.09,2.3,0.054,34,64,0.99724,3.41,0.68,10.4,-1
"595",6.8,0.64,0.03,2.3,0.075,14,31,0.99545,3.36,0.58,10.4,-1
"596",6.9,0.63,0.01,2.4,0.076,14,39,0.99522,3.34,0.53,10.8,-1
"597",7.6,0.35,0.6,2.6,0.073,23,44,0.99656,3.38,0.79,11.1,-1
"598",6.2,0.57,0.1,2.1,0.048,4,11,0.99448,3.44,0.76,10.8,-1
"599",7.1,0.22,0.49,1.8,0.039,8,18,0.99344,3.39,0.56,12.4,-1
"600",7,0.43,0.02,1.9,0.08,15,28,0.99492,3.35,0.81,10.6,-1
"601",6.9,0.74,0.03,2.3,0.054,7,16,0.99508,3.45,0.63,11.5,-1
"602",6.6,0.895,0.04,2.3,0.068,7,13,0.99582,3.53,0.58,10.8,-1
"603",6.9,0.74,0.03,2.3,0.054,7,16,0.99508,3.45,0.63,11.5,-1
"604",6.2,0.44,0.39,2.5,0.077,6,14,0.99555,3.51,0.69,11,-1
"605",7.5,0.38,0.57,2.3,0.106,5,12,0.99605,3.36,0.55,11.4,-1
"606",6.8,0.81,0.05,2,0.07,6,14,0.99562,3.51,0.66,10.8,-1
"607",7.5,0.38,0.57,2.3,0.106,5,12,0.99605,3.36,0.55,11.4,-1
"608",7.1,0.27,0.6,2.1,0.074,17,25,0.99814,3.38,0.72,10.6,-1
"609",6.4,0.36,0.21,2.2,0.047,26,48,0.99661,3.47,0.77,9.7,-1
"610",6.4,0.79,0.04,2.2,0.061,11,17,0.99588,3.53,0.65,10.4,-1
"611",6.4,0.56,0.15,1.8,0.078,17,65,0.99294,3.33,0.6,10.5,-1
"612",6.9,0.84,0.21,4.1,0.074,16,65,0.99842,3.53,0.72,9.23333333333333,-1
"613",6.9,0.84,0.21,4.1,0.074,16,65,0.99842,3.53,0.72,9.25,-1
"614",6.5,0.53,0.06,2,0.063,29,44,0.99489,3.38,0.83,10.3,-1
"615",6.5,0.53,0.06,2,0.063,29,44,0.99489,3.38,0.83,10.3,-1
"616",6,0.42,0.19,2,0.075,22,47,0.99522,3.39,0.78,10,-1
"617",6.8,0.47,0.08,2.2,0.064,18,38,0.99553,3.3,0.65,9.6,-1
"618",7.1,0.53,0.07,1.7,0.071,15,24,0.9951,3.29,0.66,10.8,-1
"619",7.9,0.29,0.49,2.2,0.096,21,59,0.99714,3.31,0.67,10.1,-1
"620",7.1,0.69,0.08,2.1,0.063,42,52,0.99608,3.42,0.6,10.2,-1
"621",6.6,0.44,0.09,2.2,0.063,9,18,0.99444,3.42,0.69,11.3,-1
"622",7.2,0.53,0.13,2,0.058,18,22,0.99573,3.21,0.68,9.9,-1
"623",7,0.55,0.13,2.2,0.075,15,35,0.9959,3.36,0.59,9.7,-1
"624",6.1,0.53,0.08,1.9,0.077,24,45,0.99528,3.6,0.68,10.3,-1
"625",5.4,0.58,0.08,1.9,0.059,20,31,0.99484,3.5,0.64,10.2,-1
"626",6.2,0.52,0.08,4.4,0.071,11,32,0.99646,3.56,0.63,11.6,-1
"627",6.7,0.855,0.02,1.9,0.064,29,38,0.99472,3.3,0.56,10.75,-1
"628",11.1,0.44,0.42,2.2,0.064,14,19,0.99758,3.25,0.57,10.4,-1
"629",6.5,0.63,0.33,1.8,0.059,16,28,0.99531,3.36,0.64,10.1,-1
"630",7.4,0.36,0.3,1.8,0.074,17,24,0.99419,3.24,0.7,11.4,1
"631",6.3,0.68,0.01,3.7,0.103,32,54,0.99586,3.51,0.66,11.3,-1
"632",6.6,0.855,0.02,2.4,0.062,15,23,0.99627,3.54,0.6,11,-1
"633",6.6,0.855,0.02,2.4,0.062,15,23,0.99627,3.54,0.6,11,-1
"634",6.7,0.67,0.02,1.9,0.061,26,42,0.99489,3.39,0.82,10.9,-1
"635",6.7,0.16,0.64,2.1,0.059,24,52,0.99494,3.34,0.71,11.2,-1
"636",6.2,0.51,0.14,1.9,0.056,15,34,0.99396,3.48,0.57,11.5,-1
"637",6.4,0.36,0.53,2.2,0.23,19,35,0.9934,3.37,0.93,12.4,-1
"638",6.4,0.38,0.14,2.2,0.038,15,25,0.99514,3.44,0.65,11.1,-1
"639",6,0.58,0.2,2.4,0.075,15,50,0.99467,3.58,0.67,12.5,-1
"640",5.6,0.31,0.78,13.9,0.074,23,92,0.99677,3.39,0.48,10.5,-1
"641",7.5,0.52,0.4,2.2,0.06,12,20,0.99474,3.26,0.64,11.8,-1
"642",8,0.3,0.63,1.6,0.081,16,29,0.99588,3.3,0.78,10.8,-1
"643",6.2,0.7,0.15,5.1,0.076,13,27,0.99622,3.54,0.6,11.9,-1
"644",6.8,0.67,0.15,1.8,0.118,13,20,0.9954,3.42,0.67,11.3,-1
"645",7.4,0.35,0.33,2.4,0.068,9,26,0.9947,3.36,0.6,11.9,-1
"646",7.2,0.39,0.44,2.6,0.066,22,48,0.99494,3.3,0.84,11.5,-1
"647",7.5,0.31,0.41,2.4,0.065,34,60,0.99492,3.34,0.85,11.4,-1
"648",5.8,0.61,0.11,1.8,0.066,18,28,0.99483,3.55,0.66,10.9,-1
"649",7.2,0.66,0.33,2.5,0.068,34,102,0.99414,3.27,0.78,12.8,-1
"650",6.3,0.55,0.15,1.8,0.077,26,35,0.99314,3.32,0.82,11.6,-1
"651",5.4,0.74,0.09,1.7,0.089,16,26,0.99402,3.67,0.56,11.6,-1
"652",6.3,0.51,0.13,2.3,0.076,29,40,0.99574,3.42,0.75,11,-1
"653",6.8,0.62,0.08,1.9,0.068,28,38,0.99651,3.42,0.82,9.5,-1
"654",5.9,0.55,0.1,2.2,0.062,39,51,0.99512,3.52,0.76,11.2,-1
"655",6.3,0.51,0.13,2.3,0.076,29,40,0.99574,3.42,0.75,11,-1
"656",6,0.31,0.47,3.6,0.067,18,42,0.99549,3.39,0.66,11,-1
